ForecastMonth,PredictedDemandQty,LowerBound,UpperBound,ProductID,ProductName
2014-07-31,0.0,0.0,0.0,1,Adjustable Race
2014-08-31,22.427676302367214,22.425558283288318,22.429533163836048,1,Adjustable Race
2014-09-30,8.27808450549951,8.273536070663782,8.28232802671438,1,Adjustable Race
2014-10-31,33.061698989285624,33.05434657841339,33.06858834397059,1,Adjustable Race
2014-11-30,7.431132207343918,7.42016686470523,7.441537766545585,1,Adjustable Race
2014-12-31,12.6828847117166,12.667563975021034,12.697431869833643,1,Adjustable Race
2014-07-31,5.7542064567954885,5.744353484394393,5.763339293591555,2,Bearing Ball
2014-08-31,1.7686327087859048,1.7361364322269133,1.8045090714357082,2,Bearing Ball
2014-09-30,9.641605654345742,9.565916078085925,9.713230008603817,2,Bearing Ball
2014-10-31,9.026273331246195,8.908159414461286,9.147108838616468,2,Bearing Ball
2014-11-30,34.23989904351399,34.07063184296329,34.41149356100959,2,Bearing Ball
2014-12-31,9.00349169594807,8.770136708771748,9.239606501619773,2,Bearing Ball
2014-07-31,14.438665197012508,14.422682100775294,14.447591519098092,4,Headset Ball Bearings
2014-08-31,13.633742760594425,13.573596635964465,13.678682145644485,4,Headset Ball Bearings
2014-09-30,7.063648005377699,6.944403602175242,7.164594769556751,4,Headset Ball Bearings
2014-10-31,14.741974030846844,14.540926048437099,14.912735103252587,4,Headset Ball Bearings
2014-11-30,26.00585661446768,25.728623567905956,26.267171327751793,4,Headset Ball Bearings
2014-12-31,16.25247570971498,15.882553003870598,16.620557154448502,4,Headset Ball Bearings
2014-07-31,0.0,0.0,0.0,317,LL Crankarm
2014-08-31,3077.789428531336,3044.0562608866876,3103.916343391986,317,LL Crankarm
2014-09-30,7702.367670875275,7628.505738176027,7762.57361861554,317,LL Crankarm
2014-10-31,0.0,0.0,0.0,317,LL Crankarm
2014-11-30,13219.36151510365,13041.810410942211,13379.04090244377,317,LL Crankarm
2014-12-31,0.0,0.0,0.0,317,LL Crankarm
2014-07-31,0.0,0.0,0.0,318,ML Crankarm
2014-08-31,6047.925728401158,6036.576546904188,6059.438521465564,318,ML Crankarm
2014-09-30,16759.030653895297,16736.831352324854,16782.80272538805,318,ML Crankarm
2014-10-31,0.0,0.0,0.0,318,ML Crankarm
2014-11-30,7991.9130403843155,7937.483025186048,8049.17088603122,318,ML Crankarm
2014-12-31,487.9534372855933,411.45701461540784,563.3331730363648,318,ML Crankarm
2014-07-31,27358.89492491905,26457.238255812837,28213.850797417865,319,HL Crankarm
2014-08-31,0.0,0.0,0.0,319,HL Crankarm
2014-09-30,1694.2576161069846,699.786197623335,2568.05458414967,319,HL Crankarm
2014-10-31,9322.797635931282,8409.009116281235,10233.509539821078,319,HL Crankarm
2014-11-30,15606.244086709758,14678.7955346149,16515.724617309137,319,HL Crankarm
2014-12-31,9999.800119224103,9092.05367258008,10887.545710932214,319,HL Crankarm
2014-07-31,89.65684820276569,86.13732005738238,93.05916771622078,320,Chainring Bolts
2014-08-31,3.617611217382489,0.16259139616402127,7.04607179815982,320,Chainring Bolts
2014-09-30,0.0,0.0,0.0,320,Chainring Bolts
2014-10-31,0.0,0.0,0.0,320,Chainring Bolts
2014-11-30,109.74402538337648,105.98995186457594,113.39539625248247,320,Chainring Bolts
2014-12-31,103.23023307295932,99.72032418498269,106.83546987420895,320,Chainring Bolts
2014-07-31,89.65684820276569,86.26801912668758,93.31119195000151,321,Chainring Nut
2014-08-31,3.617611217382489,0.0,7.1633791673709535,321,Chainring Nut
2014-09-30,0.0,0.0,0.0,321,Chainring Nut
2014-10-31,0.0,0.0,0.0,321,Chainring Nut
2014-11-30,109.74402538337648,106.16665798509612,113.34102572925428,321,Chainring Nut
2014-12-31,103.23023307295932,99.61487127582126,106.73584368023968,321,Chainring Nut
2014-07-31,1872.4472408278175,1805.8091547090537,1949.8818839805167,322,Chainring
2014-08-31,478.7827744781618,408.6596851864197,554.7014007972753,322,Chainring
2014-09-30,0.0,0.0,0.0,322,Chainring
2014-10-31,0.0,0.0,0.0,322,Chainring
2014-11-30,2106.6340087211574,2034.8988966781187,2175.204288231454,322,Chainring
2014-12-31,1886.348796060688,1818.1235439365687,1957.249084853132,322,Chainring
2014-07-31,12.976421282621322,12.97637874718652,12.976474418674844,323,Crown Race
2014-08-31,6.285016333952605,6.284852274980594,6.28519956893191,323,Crown Race
2014-09-30,2.9159817096707172,2.915636381594071,2.9164091559332688,323,Crown Race
2014-10-31,6.656527534791522,6.655913196535653,6.657256435412096,323,Crown Race
2014-11-30,37.68511104979641,37.68420371605875,37.686141283463016,323,Crown Race
2014-12-31,15.918476800195322,15.91727383229784,15.919803241409475,323,Crown Race
2014-08-31,309.6669300345966,0.0,1013.6396613145552,325,Decal 1
2014-09-30,7227.4475546934045,6476.475113771509,7935.3991602076,325,Decal 1
2014-10-31,8316.222988256673,7523.329464120419,9128.555809282367,325,Decal 1
2014-11-30,10011.376397233289,9284.625588655199,10793.496388265583,325,Decal 1
2014-12-31,10636.20435028437,9917.637842264228,11403.29100934852,325,Decal 1
2015-01-31,2997.298189255484,2254.8070811563957,3784.712436939853,325,Decal 1
2014-08-31,0.0,0.0,677.3790991067319,326,Decal 2
2014-09-30,7263.025660512003,6513.198950711084,8063.333401300856,326,Decal 2
2014-10-31,8639.641026683215,7846.432351057954,9369.503154897866,326,Decal 2
2014-11-30,10452.416190452306,9720.147554051266,11196.549117851599,326,Decal 2
2014-12-31,10404.19619706945,9695.197409846473,11158.741494738997,326,Decal 2
2015-01-31,3154.452417385657,2410.6375554274728,3856.74719929574,326,Decal 2
2014-08-31,731.2437923870725,267.4322079180432,1149.0526692776002,332,Freewheel
2014-09-30,3473.432054905676,3053.6589340333267,3883.195596253742,332,Freewheel
2014-10-31,4195.53384524916,3789.698193121804,4646.170944232466,332,Freewheel
2014-11-30,3694.953764737761,3281.9802552341434,4143.228557022024,332,Freewheel
2014-12-31,5702.841184642712,5284.29766916405,6128.273998549319,332,Freewheel
2015-01-31,1498.5700305431849,1054.4473835077704,1892.5771257826298,332,Freewheel
2014-08-31,0.0,0.0,0.0,341,Flat Washer 1
2014-09-30,29.079821379686752,27.6546127517912,30.414033732379806,341,Flat Washer 1
2014-10-31,13.465033144941811,12.06112763538806,14.827676034701605,341,Flat Washer 1
2014-11-30,32.59359101114261,31.206401175982187,33.947793666467426,341,Flat Washer 1
2014-12-31,23.051598513708974,21.596764878333975,24.552110219039943,341,Flat Washer 1
2015-01-31,8.87763461796965,7.370338154836637,10.356129556946982,341,Flat Washer 1
2014-08-31,0.0,0.0,0.0,342,Flat Washer 6
2014-09-30,29.079821379686752,27.577800032399416,30.53969141338516,342,Flat Washer 6
2014-10-31,13.465033144941811,12.096468648084171,14.874333199823319,342,Flat Washer 6
2014-11-30,32.59359101114261,31.03107555426163,33.94373292068484,342,Flat Washer 6
2014-12-31,23.051598513708974,21.737110386929277,24.425591646647465,342,Flat Washer 6
2015-01-31,8.87763461796965,7.476655244988788,10.331237099705435,342,Flat Washer 6
2014-08-31,19.042016445393187,17.36950482028903,20.79420123828318,343,Flat Washer 2
2014-09-30,25.80592162815298,24.1057058439382,27.64917345106721,343,Flat Washer 2
2014-10-31,26.50979656923225,24.72846219276964,28.335343261945532,343,Flat Washer 2
2014-11-30,19.152566365633238,17.45602928183587,20.96967971603943,343,Flat Washer 2
2014-12-31,18.827757250854447,17.076745905346126,20.660369547683178,343,Flat Washer 2
2015-01-31,11.791231542429529,10.062350625061448,13.521951102837209,343,Flat Washer 2
2014-08-31,24.90565255211166,23.415115270465787,26.353193979316856,344,Flat Washer 9
2014-09-30,29.425428664627695,28.081301722611627,30.91681770631753,344,Flat Washer 9
2014-10-31,32.102559343238084,30.798982093787494,33.531401360216954,344,Flat Washer 9
2014-11-30,17.18676743184742,15.705681951187325,18.5659443569194,344,Flat Washer 9
2014-12-31,21.451346752895788,20.04919815622399,22.714686293834035,344,Flat Washer 9
2015-01-31,4.066412190805661,2.6894847651001794,5.417156230859055,344,Flat Washer 9
2014-08-31,27.266383100907078,25.42381871556463,29.029583003929456,345,Flat Washer 4
2014-09-30,30.97540626265713,29.127662293955787,32.92928034257263,345,Flat Washer 4
2014-10-31,30.58783708234099,28.737564488184457,32.48103477061252,345,Flat Washer 4
2014-11-30,14.072808825940685,12.208591363162613,15.891704653295383,345,Flat Washer 4
2014-12-31,18.466352739670697,16.6077220764838,20.369556497657445,345,Flat Washer 4
2015-01-31,7.49681920004295,5.668438446361645,9.149394050797149,345,Flat Washer 4
2014-08-31,6.356780081683482,3.421963440276717,9.371590679473565,346,Flat Washer 3
2014-09-30,21.24758658975512,18.37300354568151,24.11314409437234,346,Flat Washer 3
2014-10-31,26.780010161875936,24.056172101398566,29.61460387099951,346,Flat Washer 3
2014-11-30,27.896830821762986,25.10723063931065,30.89037554336982,346,Flat Washer 3
2014-12-31,19.784657087633292,16.89651994642796,22.83151693419515,346,Flat Washer 3
2015-01-31,8.85043978221892,5.790764907416314,11.77461933764534,346,Flat Washer 3
2014-08-31,9.652929882316347,6.824238892191579,12.672513600593303,347,Flat Washer 8
2014-09-30,21.948102248611146,19.00871588772627,24.90319710509156,347,Flat Washer 8
2014-10-31,27.767301647272973,24.67246022417698,30.700697848812688,347,Flat Washer 8
2014-11-30,23.658173734665095,20.792394705686103,26.60988936947678,347,Flat Washer 8
2014-12-31,18.43794449536856,15.418674050361375,21.29620156815826,347,Flat Washer 8
2015-01-31,3.2613842062065856,0.5404860035341974,6.36363902821529,347,Flat Washer 8
2014-08-31,89.39661461594473,89.37710844616304,89.42004796047331,348,Flat Washer 5
2014-09-30,0.0,0.0,0.0,348,Flat Washer 5
2014-10-31,52.268761000547116,52.1267573355242,52.43241384591531,348,Flat Washer 5
2014-11-30,54.810087975950324,54.58159805504262,55.09126653949134,348,Flat Washer 5
2014-12-31,119.85367623470667,119.51161821615054,120.26290500881264,348,Flat Washer 5
2015-01-31,0.0,0.0,0.0,348,Flat Washer 5
2014-08-31,89.39661461594473,89.3714565175708,89.42201941158258,349,Flat Washer 7
2014-09-30,0.0,0.0,0.0,349,Flat Washer 7
2014-10-31,52.268761000547116,52.09703908889486,52.43972547650995,349,Flat Washer 7
2014-11-30,54.810087975950324,54.5277061883272,55.08510937833488,349,Flat Washer 7
2014-12-31,119.85367623470667,119.44186573264594,120.26759488667199,349,Flat Washer 7
2015-01-31,0.0,0.0,0.0,349,Flat Washer 7
2014-08-31,34574.185162298985,34574.18515804475,34574.18516685447,351,Front Derailleur Cage
2014-09-30,0.0,0.0,0.0,351,Front Derailleur Cage
2014-10-31,17302.453592874896,17302.453586941698,17302.4535988618,351,Front Derailleur Cage
2014-11-30,10459.414952199582,10459.414943438645,10459.414960275803,351,Front Derailleur Cage
2014-12-31,0.0,0.0,0.0,351,Front Derailleur Cage
2015-01-31,12866.580764116457,12866.580748990376,12866.580778352238,351,Front Derailleur Cage
2014-08-31,0.0,0.0,0.0,352,Front Derailleur Linkage
2014-09-30,14323.232972029175,14321.969223779646,14324.748953753244,352,Front Derailleur Linkage
2014-10-31,19659.33699170056,19656.7122111891,19662.36793830718,352,Front Derailleur Linkage
2014-11-30,0.0,0.0,0.0,352,Front Derailleur Linkage
2014-12-31,37907.5470936637,37901.36712813004,37914.21436596556,352,Front Derailleur Linkage
2015-01-31,0.0,0.0,0.0,352,Front Derailleur Linkage
2014-07-31,0.0,0.0,0.0,355,Guide Pulley
2014-08-31,5215.154182536749,5199.9216610231,5231.082107309316,355,Guide Pulley
2014-09-30,0.0,0.0,0.0,355,Guide Pulley
2014-10-31,3585.202333930759,3536.7609176630003,3641.009437424604,355,Guide Pulley
2014-11-30,0.0,0.0,0.0,355,Guide Pulley
2014-12-31,2604.499779327837,2501.963665009956,2718.5552958506346,355,Guide Pulley
2014-08-31,1038.5410900495351,943.7373373655082,1134.767313294133,356,LL Grip Tape
2014-09-30,0.0,0.0,0.0,356,LL Grip Tape
2014-10-31,862.3658391685301,762.6477841440976,957.681596730956,356,LL Grip Tape
2014-11-30,402.6659233203638,301.1735019998875,501.0848886067917,356,LL Grip Tape
2014-12-31,1077.221802359707,985.1121838084742,1169.6810669600359,356,LL Grip Tape
2015-01-31,1305.4057643984538,1209.8355123659558,1407.343705612775,356,LL Grip Tape
2014-08-31,1013.9883865274091,905.3475250299183,1116.429347822343,357,ML Grip Tape
2014-09-30,0.0,0.0,0.0,357,ML Grip Tape
2014-10-31,863.0655937088973,758.6533176761848,969.8668642303778,357,ML Grip Tape
2014-11-30,396.7824282496826,295.37197434590183,495.84887585337515,357,ML Grip Tape
2014-12-31,1063.8096739858704,950.7376999968394,1177.7696255992782,357,ML Grip Tape
2015-01-31,1362.508167484599,1250.3004961692427,1461.9614705899187,357,ML Grip Tape
2014-08-31,324.44752056269914,281.4907389948283,367.4289341330413,358,HL Grip Tape
2014-09-30,341.19415578598375,295.27961921219025,384.86809939123555,358,HL Grip Tape
2014-10-31,378.3464163265563,337.05081095803786,423.611385166898,358,HL Grip Tape
2014-11-30,209.6817422306865,163.22482686401676,254.72095267697065,358,HL Grip Tape
2014-12-31,587.2365807418482,542.0325686405404,628.064733192772,358,HL Grip Tape
2015-01-31,266.48107924060497,224.85284378305835,310.49663566519683,358,HL Grip Tape
2014-07-31,26.38182828370126,26.37915930744977,26.384734452080956,359,Thin-Jam Hex Nut 9
2014-08-31,6.199330261131358,6.185913289512291,6.21200868553734,359,Thin-Jam Hex Nut 9
2014-09-30,0.0,0.0,0.0,359,Thin-Jam Hex Nut 9
2014-10-31,3.2123719437554117,3.1658124519325375,3.2631241342268655,359,Thin-Jam Hex Nut 9
2014-11-30,5.05450224890779,4.982143750374924,5.130429001759795,359,Thin-Jam Hex Nut 9
2014-12-31,13.072697484252991,12.975000684906151,13.171997088680557,359,Thin-Jam Hex Nut 9
2014-07-31,26.38182828370126,26.380190904061504,26.38344081254447,360,Thin-Jam Hex Nut 10
2014-08-31,6.199330261131358,6.188371740464265,6.210527432127698,360,Thin-Jam Hex Nut 10
2014-09-30,0.0,0.0,0.0,360,Thin-Jam Hex Nut 10
2014-10-31,3.2123719437554117,3.1685592153712085,3.260990148385404,360,Thin-Jam Hex Nut 10
2014-11-30,5.05450224890779,4.984942825328032,5.129005436670423,360,Thin-Jam Hex Nut 10
2014-12-31,13.072697484252991,12.977807480029059,13.174872339525336,360,Thin-Jam Hex Nut 10
2014-07-31,0.0,0.0,0.0,361,Thin-Jam Hex Nut 1
2014-08-31,13.76062754350848,13.748060727078302,13.772053490958761,361,Thin-Jam Hex Nut 1
2014-09-30,9.56927880527833,9.543065827685945,9.592348406794224,361,Thin-Jam Hex Nut 1
2014-10-31,20.485023969415742,20.443427559088143,20.526114451631376,361,Thin-Jam Hex Nut 1
2014-11-30,0.0,0.0,0.0,361,Thin-Jam Hex Nut 1
2014-12-31,1.2719547126781698,1.1863954241462287,1.3569918263846257,361,Thin-Jam Hex Nut 1
2014-07-31,0.0,0.0,0.0,362,Thin-Jam Hex Nut 2
2014-08-31,13.76062754350848,13.747580465331477,13.772469160406276,362,Thin-Jam Hex Nut 2
2014-09-30,9.56927880527833,9.542229573260467,9.596393245657465,362,Thin-Jam Hex Nut 2
2014-10-31,20.485023969415742,20.44373102562959,20.529930825554718,362,Thin-Jam Hex Nut 2
2014-11-30,0.0,0.0,0.0,362,Thin-Jam Hex Nut 2
2014-12-31,1.2719547126781698,1.1880796112934369,1.352003954188034,362,Thin-Jam Hex Nut 2
2014-07-31,0.0,0.0,0.0,363,Thin-Jam Hex Nut 15
2014-08-31,13.76062754350848,13.747128241866113,13.773207178891651,363,Thin-Jam Hex Nut 15
2014-09-30,9.56927880527833,9.541740707832842,9.597532648266146,363,Thin-Jam Hex Nut 15
2014-10-31,20.485023969415742,20.4375481742626,20.532909510912962,363,Thin-Jam Hex Nut 15
2014-11-30,0.0,0.0,0.0,363,Thin-Jam Hex Nut 15
2014-12-31,1.2719547126781698,1.1820558184810046,1.367840718912343,363,Thin-Jam Hex Nut 15
2014-07-31,17.89693874849217,17.896938741560223,17.896938755755194,364,Thin-Jam Hex Nut 16
2014-08-31,0.0,0.0,0.0,364,Thin-Jam Hex Nut 16
2014-09-30,0.0,0.0,0.0,364,Thin-Jam Hex Nut 16
2014-10-31,0.0,0.0,0.0,364,Thin-Jam Hex Nut 16
2014-11-30,19.774845825044142,19.774845802917866,19.77484584765581,364,Thin-Jam Hex Nut 16
2014-12-31,8.022499739478388,8.022499710610816,8.022499768789192,364,Thin-Jam Hex Nut 16
2014-07-31,10.177485467091262,10.170935133106896,10.186944089465262,365,Thin-Jam Hex Nut 5
2014-08-31,18.133076317034647,18.090920490233216,18.172041259745527,365,Thin-Jam Hex Nut 5
2014-09-30,0.0,0.0,0.0,365,Thin-Jam Hex Nut 5
2014-10-31,0.0,0.0,0.0,365,Thin-Jam Hex Nut 5
2014-11-30,11.313744713644535,11.01350153408074,11.533315447513381,365,Thin-Jam Hex Nut 5
2014-12-31,0.734878680351839,0.31390061556083126,1.036435690278164,365,Thin-Jam Hex Nut 5
2014-07-31,18.492193659225308,18.492014628126714,18.492401661649428,366,Thin-Jam Hex Nut 6
2014-08-31,18.942760968090465,18.942047738733955,18.9435789822142,366,Thin-Jam Hex Nut 6
2014-09-30,10.760563806789628,10.758988753260548,10.76214398503288,366,Thin-Jam Hex Nut 6
2014-10-31,0.0,0.0,0.0,366,Thin-Jam Hex Nut 6
2014-11-30,0.0,0.0,0.0,366,Thin-Jam Hex Nut 6
2014-12-31,30.331636103068572,30.326254232145892,30.33649103685615,366,Thin-Jam Hex Nut 6
2014-07-31,18.492193659225308,18.492010774656432,18.492365655808825,367,Thin-Jam Hex Nut 3
2014-08-31,18.942760968090465,18.942016473977297,18.94356304810824,367,Thin-Jam Hex Nut 3
2014-09-30,10.760563806789628,10.758916912243503,10.762324857566021,367,Thin-Jam Hex Nut 3
2014-10-31,0.0,0.0,0.0,367,Thin-Jam Hex Nut 3
2014-11-30,0.0,0.0,0.0,367,Thin-Jam Hex Nut 3
2014-12-31,30.331636103068572,30.32642671391497,30.33731574178859,367,Thin-Jam Hex Nut 3
2014-07-31,5.984944143193351,5.9839949939275545,5.986163246746514,368,Thin-Jam Hex Nut 4
2014-08-31,20.044147955162416,20.040170753537225,20.048430237701833,368,Thin-Jam Hex Nut 4
2014-09-30,22.036300634643418,22.02828432943921,22.044896776049054,368,Thin-Jam Hex Nut 4
2014-10-31,0.0,0.0,0.0,368,Thin-Jam Hex Nut 4
2014-11-30,29.702926161625932,29.683067269148655,29.72480737902353,368,Thin-Jam Hex Nut 4
2014-12-31,0.0,0.0,0.0,368,Thin-Jam Hex Nut 4
2014-07-31,5.984944143193351,5.983998705429399,5.986075364925419,369,Thin-Jam Hex Nut 13
2014-08-31,20.044147955162416,20.040395168179124,20.048285145518392,369,Thin-Jam Hex Nut 13
2014-09-30,22.036300634643418,22.028071421416318,22.044256586382016,369,Thin-Jam Hex Nut 13
2014-10-31,0.0,0.0,0.0,369,Thin-Jam Hex Nut 13
2014-11-30,29.702926161625932,29.684169973447823,29.722348075652267,369,Thin-Jam Hex Nut 13
2014-12-31,0.0,0.0,0.0,369,Thin-Jam Hex Nut 13
2014-07-31,17.700294653501096,17.69102791076788,17.707800551529314,370,Thin-Jam Hex Nut 14
2014-08-31,32.99701475531412,32.96427678903014,33.0264892370696,370,Thin-Jam Hex Nut 14
2014-09-30,0.0,0.0,0.0,370,Thin-Jam Hex Nut 14
2014-10-31,0.0,0.0,0.0,370,Thin-Jam Hex Nut 14
2014-11-30,19.728300767310877,19.56595251518407,19.873690272142596,370,Thin-Jam Hex Nut 14
2014-12-31,24.693045338831066,24.477054937742707,24.888002245144268,370,Thin-Jam Hex Nut 14
2014-07-31,17.700294653501096,17.69287481877058,17.708507634495373,371,Thin-Jam Hex Nut 7
2014-08-31,32.99701475531412,32.97041060049473,33.026052758747674,371,Thin-Jam Hex Nut 7
2014-09-30,0.0,0.0,0.0,371,Thin-Jam Hex Nut 7
2014-10-31,0.0,0.0,0.0,371,Thin-Jam Hex Nut 7
2014-11-30,19.728300767310877,19.573493366356118,19.87380276338503,371,Thin-Jam Hex Nut 7
2014-12-31,24.693045338831066,24.485167232076122,24.88263584263177,371,Thin-Jam Hex Nut 7
2014-07-31,17.700294653501096,17.691525632467204,17.707800833929507,372,Thin-Jam Hex Nut 8
2014-08-31,32.99701475531412,32.96798891460224,33.02197438391224,372,Thin-Jam Hex Nut 8
2014-09-30,0.0,0.0,0.0,372,Thin-Jam Hex Nut 8
2014-10-31,0.0,0.0,0.0,372,Thin-Jam Hex Nut 8
2014-11-30,19.728300767310877,19.581277281342597,19.867966844354367,372,Thin-Jam Hex Nut 8
2014-12-31,24.693045338831066,24.497798003319666,24.883528025485088,372,Thin-Jam Hex Nut 8
2014-07-31,40.12806431086574,40.08194330191847,40.17877001985724,373,Thin-Jam Hex Nut 12
2014-08-31,2.5429132514845385,2.3769130722202454,2.713537153712169,373,Thin-Jam Hex Nut 12
2014-09-30,30.425595261190587,30.094575516253506,30.78565566899998,373,Thin-Jam Hex Nut 12
2014-10-31,0.0,0.0,0.0,373,Thin-Jam Hex Nut 12
2014-11-30,9.839125864585126,8.905248512977066,10.68326685327426,373,Thin-Jam Hex Nut 12
2014-12-31,0.0,0.0,0.0,373,Thin-Jam Hex Nut 12
2014-07-31,19.058305564202517,19.051583225270882,19.065845624910676,374,Thin-Jam Hex Nut 11
2014-08-31,0.0,0.0,0.0,374,Thin-Jam Hex Nut 11
2014-09-30,31.363455851604577,31.319402425746016,31.41047005859308,374,Thin-Jam Hex Nut 11
2014-10-31,7.046985651628575,6.971740375915308,7.120575308656981,374,Thin-Jam Hex Nut 11
2014-11-30,15.250531850602911,15.142644362481752,15.358160951353112,374,Thin-Jam Hex Nut 11
2014-12-31,0.0,0.0,0.0,374,Thin-Jam Hex Nut 11
2014-08-31,10.936020269302954,10.926677799090122,10.947094073946252,375,Hex Nut 5
2014-09-30,0.0,0.0,0.0,375,Hex Nut 5
2014-10-31,16.1525225009235,16.05857726690931,16.23915079154323,375,Hex Nut 5
2014-11-30,0.2808651645704545,0.12753550737923788,0.42086014078448314,375,Hex Nut 5
2014-12-31,35.656592567620194,35.43481623091179,35.87192684883728,375,Hex Nut 5
2015-01-31,0.0,0.0,0.0,375,Hex Nut 5
2014-08-31,10.936020269302954,10.925880773655654,10.947245506013719,376,Hex Nut 6
2014-09-30,0.0,0.0,0.0,376,Hex Nut 6
2014-10-31,16.1525225009235,16.0614284438993,16.25979116553688,376,Hex Nut 6
2014-11-30,0.2808651645704545,0.13362236764505242,0.46155693579481616,376,Hex Nut 6
2014-12-31,35.656592567620194,35.44500599434183,35.90421368231148,376,Hex Nut 6
2015-01-31,0.0,0.0,0.0,376,Hex Nut 6
2014-08-31,3.577219268274667,3.576885318645977,3.5776562231809224,377,Hex Nut 16
2014-09-30,47.83218311613931,47.83080968577715,47.83387316872706,377,Hex Nut 16
2014-10-31,0.0,0.0,0.0,377,Hex Nut 16
2014-11-30,26.32310190683398,26.317660433788735,26.32987562599758,377,Hex Nut 16
2014-12-31,47.46780603321697,47.459944223756104,47.47830832029944,377,Hex Nut 16
2015-01-31,0.0,0.0,0.0,377,Hex Nut 16
2014-08-31,3.577219268274667,3.576762200435896,3.57767419793951,378,Hex Nut 17
2014-09-30,47.83218311613931,47.83049200482769,47.833928542418946,378,Hex Nut 17
2014-10-31,0.0,0.0,0.0,378,Hex Nut 17
2014-11-30,26.32310190683398,26.317147011901753,26.329850162730672,378,Hex Nut 17
2014-12-31,47.46780603321697,47.45907809923495,47.47763868633995,378,Hex Nut 17
2015-01-31,0.0,0.0,0.0,378,Hex Nut 17
2014-07-31,0.6806218340849455,0.6727010941788383,0.6862604524687457,379,Hex Nut 7
2014-08-31,9.199337588764863,9.169610589119545,9.227806761540219,379,Hex Nut 7
2014-09-30,0.0,0.0,0.0,379,Hex Nut 7
2014-10-31,28.44760622370277,28.332929162495958,28.557507879394638,379,Hex Nut 7
2014-11-30,0.8368361617975868,0.657246015066498,0.989307067942872,379,Hex Nut 7
2014-12-31,28.650547977640496,28.411169895596554,28.863471063383194,379,Hex Nut 7
2014-07-31,4.839826585799537,4.839826575761401,4.839826595887602,380,Hex Nut 8
2014-08-31,8.880881861746468,8.880881850075458,8.88088187349506,380,Hex Nut 8
2014-09-30,0.0,0.0,0.0,380,Hex Nut 8
2014-10-31,0.0,0.0,0.0,380,Hex Nut 8
2014-11-30,28.451006118990186,28.451006092264834,28.45100614610728,380,Hex Nut 8
2014-12-31,32.66052826089764,32.6605282238068,32.66052829514783,380,Hex Nut 8
2014-07-31,4.839826585799537,4.839826575629062,4.839826596115074,381,Hex Nut 9
2014-08-31,8.880881861746468,8.880881850880511,8.880881872515483,381,Hex Nut 9
2014-09-30,0.0,0.0,0.0,381,Hex Nut 9
2014-10-31,0.0,0.0,0.0,381,Hex Nut 9
2014-11-30,28.451006118990186,28.45100609201847,28.451006148636196,381,Hex Nut 9
2014-12-31,32.66052826089764,32.66052822559607,32.660528299657,381,Hex Nut 9
2014-07-31,14.962746047977657,14.96144501485547,14.963525623561752,382,Hex Nut 22
2014-08-31,0.0,0.0,0.0,382,Hex Nut 22
2014-09-30,111.43258098883894,111.42067417991387,111.44083894550697,382,Hex Nut 22
2014-10-31,0.0,0.0,0.0,382,Hex Nut 22
2014-11-30,20.130672053202055,20.10168594613064,20.15306825451417,382,Hex Nut 22
2014-12-31,2.940350857480582,2.901444997648127,2.972234952606297,382,Hex Nut 22
2014-07-31,14.962746047977657,14.961846539516287,14.963410758587761,383,Hex Nut 23
2014-08-31,0.0,0.0,0.0,383,Hex Nut 23
2014-09-30,111.43258098883894,111.4231263377757,111.44191655895665,383,Hex Nut 23
2014-10-31,0.0,0.0,0.0,383,Hex Nut 23
2014-11-30,20.130672053202055,20.105599902605125,20.153752118445148,383,Hex Nut 23
2014-12-31,2.940350857480582,2.9057449930897095,2.971138186165188,383,Hex Nut 23
2014-07-31,14.962746047977657,14.961757804088457,14.963810694036097,384,Hex Nut 12
2014-08-31,0.0,0.0,0.0,384,Hex Nut 12
2014-09-30,111.43258098883894,111.42316990621401,111.44437861991862,384,Hex Nut 12
2014-10-31,0.0,0.0,0.0,384,Hex Nut 12
2014-11-30,20.130672053202055,20.105168991307114,20.158112457688176,384,Hex Nut 12
2014-12-31,2.940350857480582,2.9038921587010553,2.9755469999199207,384,Hex Nut 12
2014-07-31,21.86801632008865,21.866916506421244,21.86866327476685,385,Hex Nut 13
2014-08-31,0.0,0.0,0.0,385,Hex Nut 13
2014-09-30,37.22798282851711,37.21920865730047,37.23483034783068,385,Hex Nut 13
2014-10-31,0.0,0.0,0.0,385,Hex Nut 13
2014-11-30,10.4829698083792,10.461442630463566,10.50128330771759,385,Hex Nut 13
2014-12-31,0.0,0.0,0.0,385,Hex Nut 13
2014-07-31,33.70961324737155,33.70961324402999,33.709613250727,386,Hex Nut 1
2014-08-31,0.0,0.0,0.0,386,Hex Nut 1
2014-09-30,3.0629657112041637,3.06296570401121,3.062965719153086,386,Hex Nut 1
2014-10-31,0.0,0.0,0.0,386,Hex Nut 1
2014-11-30,26.534390383451587,26.5343903665559,26.534390400811386,386,Hex Nut 1
2014-12-31,2.8935104809636885,2.8935104578126514,2.8935105034308264,386,Hex Nut 1
2014-07-31,18.041440601464796,18.03605032594928,18.048863910615367,387,Hex Nut 10
2014-08-31,79.53734618344077,79.51515670172223,79.56814581826345,387,Hex Nut 10
2014-09-30,2.2568674386393646,2.20428124018945,2.322001835336169,387,Hex Nut 10
2014-10-31,12.16758158137812,12.072407918329835,12.273137274752571,387,Hex Nut 10
2014-11-30,5.5684148737053984,5.4302246347983765,5.729550656129835,387,Hex Nut 10
2014-12-31,5.00554594828086,4.819416722594291,5.218971515323085,387,Hex Nut 10
2014-07-31,0.0,0.0,0.0,388,Hex Nut 11
2014-08-31,13.840964901837161,13.82063720117998,13.857128663445033,388,Hex Nut 11
2014-09-30,12.128663399312705,12.08613014303911,12.162104614553654,388,Hex Nut 11
2014-10-31,0.0,0.0,0.0,388,Hex Nut 11
2014-11-30,0.0,0.0,0.0,388,Hex Nut 11
2014-12-31,10.64034233299666,10.520049272170175,10.754008472970787,388,Hex Nut 11
2014-08-31,1.118102536910028,1.1096563237002361,1.1236217136218618,389,Hex Nut 2
2014-09-30,19.530489167139507,19.499555013502196,19.557235734328106,389,Hex Nut 2
2014-10-31,0.0,0.0,0.0,389,Hex Nut 2
2014-11-30,0.0,0.0,0.0,389,Hex Nut 2
2014-12-31,0.0,0.0,0.0,389,Hex Nut 2
2015-01-31,26.367057080798045,26.189999371931172,26.566228008862815,389,Hex Nut 2
2014-08-31,10.872534868127351,10.872527427007189,10.872545001166042,390,Hex Nut 20
2014-09-30,10.277963377271911,10.27792689794734,10.278005441938447,390,Hex Nut 20
2014-10-31,0.0,0.0,0.0,390,Hex Nut 20
2014-11-30,0.0,0.0,0.0,390,Hex Nut 20
2014-12-31,11.542821387545777,11.542632834822443,11.54305459049015,390,Hex Nut 20
2015-01-31,2.428159464547256,2.42790427490918,2.4284764168635373,390,Hex Nut 20
2014-08-31,24.496613906575305,24.49661390270007,24.496613910910025,391,Hex Nut 21
2014-09-30,8.379217966984768,8.37921795893561,8.379217976579264,391,Hex Nut 21
2014-10-31,1.3534450980091535,1.3534450818924906,1.353445118526301,391,Hex Nut 21
2014-11-30,0.0,0.0,0.0,391,Hex Nut 21
2014-12-31,32.67213643888574,32.672136399960536,32.67213648881879,391,Hex Nut 21
2015-01-31,0.0,0.0,0.0,391,Hex Nut 21
2014-08-31,24.496613906575305,24.496613902232653,24.49661391058795,392,Hex Nut 3
2014-09-30,8.379217966984768,8.379217958669035,8.379217976133653,392,Hex Nut 3
2014-10-31,1.3534450980091535,1.3534450810892364,1.353445116415789,392,Hex Nut 3
2014-11-30,0.0,0.0,0.0,392,Hex Nut 3
2014-12-31,32.67213643888574,32.67213639607328,32.67213648254232,392,Hex Nut 3
2015-01-31,0.0,0.0,0.0,392,Hex Nut 3
2014-08-31,24.496613906575305,24.496613902726168,24.496613910896755,393,Hex Nut 14
2014-09-30,8.379217966984768,8.379217959652488,8.379217975588203,393,Hex Nut 14
2014-10-31,1.3534450980091535,1.3534450821895418,1.3534451159374008,393,Hex Nut 14
2014-11-30,0.0,0.0,0.0,393,Hex Nut 14
2014-12-31,32.67213643888574,32.672136398661465,32.67213648334633,393,Hex Nut 14
2015-01-31,0.0,0.0,0.0,393,Hex Nut 14
2014-08-31,6.093041347286953,6.0930413440364335,6.093041350979465,394,Hex Nut 15
2014-09-30,0.0,0.0,0.0,394,Hex Nut 15
2014-10-31,16.47393820198768,16.473938187710782,16.473938220102998,394,Hex Nut 15
2014-11-30,49.51039627052374,49.51039624618604,49.51039630208374,394,Hex Nut 15
2014-12-31,14.571925495314652,14.571925457133595,14.571925540315748,394,Hex Nut 15
2015-01-31,0.0,0.0,0.0,394,Hex Nut 15
2014-08-31,14.02901067612975,14.029010665598777,14.02901068613187,395,Hex Nut 4
2014-09-30,71.43567718921176,71.43567716977469,71.43567720568608,395,Hex Nut 4
2014-10-31,0.0,0.0,0.0,395,Hex Nut 4
2014-11-30,0.0,0.0,0.0,395,Hex Nut 4
2014-12-31,11.11687582057807,11.116875731962057,11.116875903250108,395,Hex Nut 4
2015-01-31,6.049562897420165,6.0495627829996375,6.049563009212227,395,Hex Nut 4
2014-08-31,14.02901067612975,14.029010667562412,14.029010685805517,396,Hex Nut 18
2014-09-30,71.43567718921176,71.435677171463,71.43567720497903,396,Hex Nut 18
2014-10-31,0.0,0.0,0.0,396,Hex Nut 18
2014-11-30,0.0,0.0,0.0,396,Hex Nut 18
2014-12-31,11.11687582057807,11.116875736732295,11.116875896217397,396,Hex Nut 18
2015-01-31,6.049562897420165,6.049562783356798,6.04956300292159,396,Hex Nut 18
2014-08-31,14.02901067612975,14.029010667110956,14.02901068554528,397,Hex Nut 19
2014-09-30,71.43567718921176,71.43567717214138,71.43567720751192,397,Hex Nut 19
2014-10-31,0.0,0.0,0.0,397,Hex Nut 19
2014-11-30,0.0,0.0,0.0,397,Hex Nut 19
2014-12-31,11.11687582057807,11.116875740554134,11.116875902685546,397,Hex Nut 19
2015-01-31,6.049562897420165,6.049562789389814,6.049563008222339,397,Hex Nut 19
2014-08-31,31.780223984640596,31.78022393385741,31.780224032200422,402,Keyed Washer
2014-09-30,0.0,0.0,0.0,402,Keyed Washer
2014-10-31,43.367141534091004,43.367141167713754,43.367141904825104,402,Keyed Washer
2014-11-30,13.000149121529867,13.000148524260084,13.000149705159926,402,Keyed Washer
2014-12-31,0.0,0.0,0.0,402,Keyed Washer
2015-01-31,2.033727174065646,2.0337259863667296,2.033728345843153,402,Keyed Washer
2014-07-31,47.14377006675465,47.131614931173175,47.157749820820435,403,External Lock Washer 3
2014-08-31,30.550068124776214,30.48962327239481,30.6024911849877,403,External Lock Washer 3
2014-09-30,0.0,0.0,0.0,403,External Lock Washer 3
2014-10-31,0.0,0.0,0.0,403,External Lock Washer 3
2014-11-30,95.26697175005006,94.94841860912011,95.60599887211917,403,External Lock Washer 3
2014-12-31,22.959721756826724,22.530352073619238,23.41843377119254,403,External Lock Washer 3
2014-07-31,47.14377006675465,47.136259154258596,47.157281052231454,404,External Lock Washer 4
2014-08-31,30.550068124776214,30.499596509168818,30.614744429438716,404,External Lock Washer 4
2014-09-30,0.0,0.0,0.0,404,External Lock Washer 4
2014-10-31,0.0,0.0,0.0,404,External Lock Washer 4
2014-11-30,95.26697175005006,94.94813785633363,95.64606930173714,404,External Lock Washer 4
2014-12-31,22.959721756826724,22.51982738012188,23.45743894434668,404,External Lock Washer 4
2014-08-31,0.0,0.0,0.0,405,External Lock Washer 9
2014-09-30,32.338186225630224,32.300292964040395,32.37414197077366,405,External Lock Washer 9
2014-10-31,0.0,0.0,0.0,405,External Lock Washer 9
2014-11-30,30.169023791025328,30.025993758706473,30.30418076891824,405,External Lock Washer 9
2014-12-31,0.43819292831428847,0.22879590417590243,0.6408753501506937,405,External Lock Washer 9
2015-01-31,13.921489278793196,13.630931870349066,14.195674064180174,405,External Lock Washer 9
2014-08-31,97.0491953596689,97.04618065825636,97.05303481620363,406,External Lock Washer 5
2014-09-30,0.0,0.0,0.0,406,External Lock Washer 5
2014-10-31,21.855408239324312,21.82271481701896,21.889886246387114,406,External Lock Washer 5
2014-11-30,34.41366389801743,34.36153939374597,34.47135423806446,406,External Lock Washer 5
2014-12-31,22.605954752768294,22.532395797458243,22.68898076852619,406,External Lock Washer 5
2015-01-31,0.0,0.0,0.0,406,External Lock Washer 5
2014-08-31,38.41238667142379,38.40481390165152,38.420809602393945,407,External Lock Washer 7
2014-09-30,14.848785036274535,14.818239182380655,14.883228138102984,407,External Lock Washer 7
2014-10-31,32.68513788973647,32.61474109762703,32.76240680072936,407,External Lock Washer 7
2014-11-30,0.0,0.0,0.0,407,External Lock Washer 7
2014-12-31,52.35947094404887,52.17834898243133,52.53572224808139,407,External Lock Washer 7
2015-01-31,0.0,0.0,0.0,407,External Lock Washer 7
2014-07-31,7.683151140203485,7.673031210352011,7.69488132577554,408,External Lock Washer 6
2014-08-31,14.901372841554526,14.862119358822895,14.94059897058083,408,External Lock Washer 6
2014-09-30,41.45561436352513,41.37166214494999,41.53760117111078,408,External Lock Washer 6
2014-10-31,14.532939823509135,14.391464089167908,14.670558224223608,408,External Lock Washer 6
2014-11-30,12.376251237296012,12.179438541107345,12.58098038226062,408,External Lock Washer 6
2014-12-31,0.0,0.0,0.0,408,External Lock Washer 6
2014-07-31,20.9009141262203,20.864193882495496,20.941934712009243,409,External Lock Washer 1
2014-08-31,31.67108381462765,31.52729352125751,31.822954946671974,409,External Lock Washer 1
2014-09-30,0.0,0.0,0.0,409,External Lock Washer 1
2014-10-31,33.01859930385738,32.519854236500606,33.539761086138476,409,External Lock Washer 1
2014-11-30,20.879911759083804,20.159873340956693,21.630742743342278,409,External Lock Washer 1
2014-12-31,30.803963129337692,29.8215013879197,31.823797088969357,409,External Lock Washer 1
2014-08-31,0.0,0.0,0.3214915253573286,410,External Lock Washer 8
2014-09-30,0.0,0.0,0.0,410,External Lock Washer 8
2014-10-31,7.649107552493324,6.903507836966582,8.51120323884955,410,External Lock Washer 8
2014-11-30,7.315295583441194,6.505823302889983,8.05629693304631,410,External Lock Washer 8
2014-12-31,8.92689389379559,8.099148905541211,9.792391396091856,410,External Lock Washer 8
2015-01-31,2.5460313358505826,1.6741466004483463,3.393556497801125,410,External Lock Washer 8
2014-08-31,0.0,0.0,0.39117374924229714,411,External Lock Washer 2
2014-09-30,0.0,0.0,0.0,411,External Lock Washer 2
2014-10-31,7.649107552493324,6.791790625305672,8.538541667670149,411,External Lock Washer 2
2014-11-30,7.315295583441194,6.533836695410212,8.12531325160052,411,External Lock Washer 2
2014-12-31,8.92689389379559,8.091700022738872,9.695115371984697,411,External Lock Washer 2
2015-01-31,2.5460313358505826,1.7175352473206578,3.3599041650576638,411,External Lock Washer 2
2014-08-31,0.0,0.0,0.0,412,Internal Lock Washer 3
2014-09-30,4.204671264726386,3.4003475595309194,4.963523347488581,412,Internal Lock Washer 3
2014-10-31,6.672426280363107,5.848074916849142,7.486761511501921,412,Internal Lock Washer 3
2014-11-30,7.491876168994228,6.662558424415345,8.251691347560904,412,Internal Lock Washer 3
2014-12-31,9.323367686580852,8.519475336753205,10.145272500005364,412,Internal Lock Washer 3
2015-01-31,3.0391187561700743,2.2861945897658646,3.8414586016459022,412,Internal Lock Washer 3
2014-08-31,0.0,0.0,0.0,413,Internal Lock Washer 4
2014-09-30,4.204671264726386,3.4214516592690876,5.011307118361155,413,Internal Lock Washer 4
2014-10-31,6.672426280363107,5.892998841283884,7.48070828294682,413,Internal Lock Washer 4
2014-11-30,7.491876168994228,6.694830177722792,8.275915539158369,413,Internal Lock Washer 4
2014-12-31,9.323367686580852,8.558566000085444,10.12469358271011,413,Internal Lock Washer 4
2015-01-31,3.0391187561700743,2.253578233140523,3.8223564367672784,413,Internal Lock Washer 4
2014-07-31,15.193676676271345,15.16572536880492,15.215061404614254,414,Internal Lock Washer 9
2014-08-31,4.8870811903333005,4.785756376303022,4.966080454958922,414,Internal Lock Washer 9
2014-09-30,14.184636372163407,13.96798152447484,14.362832193557253,414,Internal Lock Washer 9
2014-10-31,0.606348777755362,0.2694805685362848,0.9101040484358834,414,Internal Lock Washer 9
2014-11-30,7.363854888976549,6.881075221190827,7.79643030188114,414,Internal Lock Washer 9
2014-12-31,12.981526728819937,12.340681726263249,13.572627299922276,414,Internal Lock Washer 9
2014-07-31,0.0,0.0,0.0,415,Internal Lock Washer 5
2014-08-31,17.1469493932829,17.12950428118293,17.16787783930586,415,Internal Lock Washer 5
2014-09-30,0.0,0.0,0.0,415,Internal Lock Washer 5
2014-10-31,28.68939217892025,28.629709854261222,28.759486388260914,415,Internal Lock Washer 5
2014-11-30,0.0,0.0,0.0,415,Internal Lock Washer 5
2014-12-31,34.869288300153315,34.75436324984292,35.00762415516323,415,Internal Lock Washer 5
2014-07-31,0.0,0.0,0.0,416,Internal Lock Washer 7
2014-08-31,17.1469493932829,17.12824456644207,17.16715400170761,416,Internal Lock Washer 7
2014-09-30,0.0,0.0,0.0,416,Internal Lock Washer 7
2014-10-31,28.68939217892025,28.626248612360175,28.75559169330296,416,Internal Lock Washer 7
2014-11-30,0.0,0.0,0.0,416,Internal Lock Washer 7
2014-12-31,34.869288300153315,34.73878325865212,34.9954198686664,416,Internal Lock Washer 7
2014-07-31,8.368530456879528,8.363269278360823,8.374743018309772,417,Internal Lock Washer 6
2014-08-31,0.0,0.0,0.0,417,Internal Lock Washer 6
2014-09-30,0.0,0.0,0.0,417,Internal Lock Washer 6
2014-10-31,3.746449888662109,3.6673620305479693,3.8362840368323647,417,Internal Lock Washer 6
2014-11-30,21.146859990993573,21.03280501474837,21.282390850236208,417,Internal Lock Washer 6
2014-12-31,11.529746724403228,11.369077973094624,11.70372663500478,417,Internal Lock Washer 6
2014-07-31,24.926856005041202,24.91893671342285,24.937725988810044,418,Internal Lock Washer 10
2014-08-31,0.0,0.0,0.0,418,Internal Lock Washer 10
2014-09-30,0.0,0.0,0.0,418,Internal Lock Washer 10
2014-10-31,32.522278956273865,32.39590626179628,32.639344911947994,418,Internal Lock Washer 10
2014-11-30,13.716076092846608,13.530438176960208,13.888237981709873,418,Internal Lock Washer 10
2014-12-31,23.651154525677942,23.408659317394125,23.880907777319802,418,Internal Lock Washer 10
2014-07-31,24.926856005041202,24.915320480905372,24.934008174333034,419,Internal Lock Washer 1
2014-08-31,0.0,0.0,0.0,419,Internal Lock Washer 1
2014-09-30,0.0,0.0,0.0,419,Internal Lock Washer 1
2014-10-31,32.522278956273865,32.39730713946144,32.63215502681159,419,Internal Lock Washer 1
2014-11-30,13.716076092846608,13.536711564696295,13.879954466456757,419,Internal Lock Washer 1
2014-12-31,23.651154525677942,23.409233794717128,23.87595407693961,419,Internal Lock Washer 1
2014-07-31,0.0,0.0,0.0,420,Internal Lock Washer 8
2014-08-31,4.279507124115028,4.230108932452877,4.335104373825124,420,Internal Lock Washer 8
2014-09-30,0.0,0.0,0.0,420,Internal Lock Washer 8
2014-10-31,37.73496056978344,37.58679414245637,37.90645607135482,420,Internal Lock Washer 8
2014-11-30,0.0,0.0,0.0,420,Internal Lock Washer 8
2014-12-31,9.296477696822407,8.99762562648379,9.615216373231124,420,Internal Lock Washer 8
2014-07-31,0.0,0.0,0.0,421,Internal Lock Washer 2
2014-08-31,4.279507124115028,4.241994379181544,4.321045001359011,421,Internal Lock Washer 2
2014-09-30,0.0,0.0,0.0,421,Internal Lock Washer 2
2014-10-31,37.73496056978344,37.59908452334921,37.89469311114788,421,Internal Lock Washer 2
2014-11-30,0.0,0.0,0.0,421,Internal Lock Washer 2
2014-12-31,9.296477696822407,9.026157183642844,9.619268703578971,421,Internal Lock Washer 2
2014-07-31,33.26005372163019,33.254411184421805,33.26706429034925,422,Thin-Jam Lock Nut 9
2014-08-31,4.470493964663611,4.447374153347093,4.496249211740446,422,Thin-Jam Lock Nut 9
2014-09-30,0.060141751460419,0.013579417930570528,0.11019540357634586,422,Thin-Jam Lock Nut 9
2014-10-31,1.6684176806307107,1.5927946839927007,1.7503114323806563,422,Thin-Jam Lock Nut 9
2014-11-30,29.06139626707204,28.951628489671656,29.179686447194317,422,Thin-Jam Lock Nut 9
2014-12-31,31.02241756751717,30.877811438395437,31.179823407578453,422,Thin-Jam Lock Nut 9
2014-07-31,33.26005372163019,33.25378854105476,33.26480120067917,423,Thin-Jam Lock Nut 10
2014-08-31,4.470493964663611,4.446835383131475,4.4907685452736406,423,Thin-Jam Lock Nut 10
2014-09-30,0.060141751460419,0.012360708077488973,0.10578894442655971,423,Thin-Jam Lock Nut 10
2014-10-31,1.6684176806307107,1.5880829671083325,1.7423103255058177,423,Thin-Jam Lock Nut 10
2014-11-30,29.06139626707204,28.94414515400379,29.163737968431082,423,Thin-Jam Lock Nut 10
2014-12-31,31.02241756751717,30.87296704182143,31.161721068104953,423,Thin-Jam Lock Nut 10
2014-08-31,46.63287244333453,46.61541852772253,46.64887879662047,424,Thin-Jam Lock Nut 1
2014-09-30,1.12697137689125,1.0601642368648505,1.195020661125331,424,Thin-Jam Lock Nut 1
2014-10-31,22.734389410194822,22.600723088485662,22.88198895930734,424,Thin-Jam Lock Nut 1
2014-11-30,5.816665745684052,5.593605714583539,6.057233138919483,424,Thin-Jam Lock Nut 1
2014-12-31,6.079297300510793,5.758653177674821,6.412531552774092,424,Thin-Jam Lock Nut 1
2015-01-31,7.235728415698417,6.822730152479318,7.698107496070449,424,Thin-Jam Lock Nut 1
2014-08-31,49.52147654093009,49.493362906252095,49.55138730480524,425,Thin-Jam Lock Nut 2
2014-09-30,0.0,0.0,0.0,425,Thin-Jam Lock Nut 2
2014-10-31,12.298873831772697,12.10184430010306,12.490712225304392,425,Thin-Jam Lock Nut 2
2014-11-30,0.0,0.0,0.0,425,Thin-Jam Lock Nut 2
2014-12-31,0.0,0.0,0.0,425,Thin-Jam Lock Nut 2
2015-01-31,0.0,0.0,0.0,425,Thin-Jam Lock Nut 2
2014-08-31,7.359708683596368,7.350543947807641,7.368932101758487,426,Thin-Jam Lock Nut 15
2014-09-30,0.0,0.0,0.0,426,Thin-Jam Lock Nut 15
2014-10-31,61.86188570894114,61.78431342919754,61.93974392750072,426,Thin-Jam Lock Nut 15
2014-11-30,0.0,0.0,0.0,426,Thin-Jam Lock Nut 15
2014-12-31,0.0,0.0,0.0,426,Thin-Jam Lock Nut 15
2015-01-31,0.0,0.0,0.0,426,Thin-Jam Lock Nut 15
2014-07-31,40.779319931671346,40.77834943942887,40.7804061595687,427,Thin-Jam Lock Nut 16
2014-08-31,3.1926332360868734,3.1882504548456256,3.1968982351898863,427,Thin-Jam Lock Nut 16
2014-09-30,204.66558984754695,204.65623556673003,204.67513435941876,427,Thin-Jam Lock Nut 16
2014-10-31,0.0,0.0,0.0,427,Thin-Jam Lock Nut 16
2014-11-30,17.427437319138875,17.402148326758322,17.450972082586706,427,Thin-Jam Lock Nut 16
2014-12-31,32.79202055272174,32.75806759364578,32.82539338362692,427,Thin-Jam Lock Nut 16
2014-07-31,27.74449082252932,27.730759040446866,27.7584483725679,428,Thin-Jam Lock Nut 5
2014-08-31,21.35056583071644,21.294233356585128,21.398457518180187,428,Thin-Jam Lock Nut 5
2014-09-30,0.0,0.0,0.0,428,Thin-Jam Lock Nut 5
2014-10-31,2.039329599714847,1.8588136911223454,2.207131811534583,428,Thin-Jam Lock Nut 5
2014-11-30,20.959339688610605,20.701240012384172,21.201390979268485,428,Thin-Jam Lock Nut 5
2014-12-31,39.42509320698719,39.087838320810334,39.75300685562042,428,Thin-Jam Lock Nut 5
2014-07-31,50.27333867546246,50.26660063166932,50.27878631736197,429,Thin-Jam Lock Nut 6
2014-08-31,0.0,0.0,0.0,429,Thin-Jam Lock Nut 6
2014-09-30,0.0,0.0,0.0,429,Thin-Jam Lock Nut 6
2014-10-31,10.069767700613296,9.9853326209038,10.146246380557757,429,Thin-Jam Lock Nut 6
2014-11-30,16.564214382734452,16.440562718791657,16.67789965689749,429,Thin-Jam Lock Nut 6
2014-12-31,3.881401136844252,3.7111988091750665,4.0351498540356046,429,Thin-Jam Lock Nut 6
2014-07-31,13.15730864640162,13.114161652532482,13.205328831858584,430,Thin-Jam Lock Nut 3
2014-08-31,26.995759334075395,26.83442755796132,27.148787655160387,430,Thin-Jam Lock Nut 3
2014-09-30,0.0,0.0,0.0,430,Thin-Jam Lock Nut 3
2014-10-31,7.156539739279809,6.660300368075684,7.664239390120116,430,Thin-Jam Lock Nut 3
2014-11-30,0.0,0.0,0.0,430,Thin-Jam Lock Nut 3
2014-12-31,0.0,0.0,0.0,430,Thin-Jam Lock Nut 3
2014-07-31,0.0,0.0,0.0,431,Thin-Jam Lock Nut 4
2014-08-31,30.39624032798121,30.355879305111852,30.43497519091651,431,Thin-Jam Lock Nut 4
2014-09-30,0.0,0.0,0.0,431,Thin-Jam Lock Nut 4
2014-10-31,38.208509202879746,38.05121123048453,38.35722180219489,431,Thin-Jam Lock Nut 4
2014-11-30,3.4783383586530885,3.2469557490948806,3.706054163804332,431,Thin-Jam Lock Nut 4
2014-12-31,0.0,0.0,0.0,431,Thin-Jam Lock Nut 4
2014-07-31,33.66824089840237,33.644317146508634,33.69610631167021,432,Thin-Jam Lock Nut 13
2014-08-31,13.404862822904562,13.318007695681644,13.499659302664643,432,Thin-Jam Lock Nut 13
2014-09-30,3.0607358669085816,2.8647887182325986,3.2522428089657245,432,Thin-Jam Lock Nut 13
2014-10-31,23.448801765020217,23.137759173912688,23.768822926573737,432,Thin-Jam Lock Nut 13
2014-11-30,5.74224352535891,5.303069242048146,6.20042082803511,432,Thin-Jam Lock Nut 13
2014-12-31,0.0,0.0,0.0,432,Thin-Jam Lock Nut 13
2014-08-31,5.4464971327830085,5.429391100127671,5.476114052034447,433,Thin-Jam Lock Nut 14
2014-09-30,0.0,0.0,0.0,433,Thin-Jam Lock Nut 14
2014-10-31,66.19338952575133,66.03573691822167,66.40138114473804,433,Thin-Jam Lock Nut 14
2014-11-30,0.0,0.0,0.0,433,Thin-Jam Lock Nut 14
2014-12-31,13.98523780371628,13.59487968931018,14.437341477623338,433,Thin-Jam Lock Nut 14
2015-01-31,0.0,0.0,0.0,433,Thin-Jam Lock Nut 14
2014-08-31,29.093659075221375,29.083973888907074,29.10200845433905,434,Thin-Jam Lock Nut 7
2014-09-30,227.22992963262874,227.19688721324258,227.25971905999333,434,Thin-Jam Lock Nut 7
2014-10-31,22.388418492573294,22.320083949630007,22.450523337670482,434,Thin-Jam Lock Nut 7
2014-11-30,15.276616729942694,15.166070195019017,15.38100218875035,434,Thin-Jam Lock Nut 7
2014-12-31,31.060229003659572,30.890133222632098,31.212850873343914,434,Thin-Jam Lock Nut 7
2015-01-31,0.0,0.0,0.0,434,Thin-Jam Lock Nut 7
2014-08-31,13.754162231087717,13.742167560730843,13.768717922211303,435,Thin-Jam Lock Nut 8
2014-09-30,0.0,0.0,0.0,435,Thin-Jam Lock Nut 8
2014-10-31,0.0,0.0,0.0,435,Thin-Jam Lock Nut 8
2014-11-30,89.8677004834558,89.72036769777581,90.00720782733049,435,Thin-Jam Lock Nut 8
2014-12-31,0.0,0.0,0.0,435,Thin-Jam Lock Nut 8
2015-01-31,16.556653554256197,16.249802823485297,16.822831262730254,435,Thin-Jam Lock Nut 8
2014-07-31,51.62855264570119,51.628415566224454,51.62876239026513,436,Thin-Jam Lock Nut 12
2014-08-31,0.0,0.0,0.0,436,Thin-Jam Lock Nut 12
2014-09-30,0.0,0.0,0.0,436,Thin-Jam Lock Nut 12
2014-10-31,0.03019638107874556,0.028100132685461285,0.03226546052515357,436,Thin-Jam Lock Nut 12
2014-11-30,19.63367834227358,19.63047893914184,19.63665590146105,436,Thin-Jam Lock Nut 12
2014-12-31,54.40567533242741,54.4015659349868,54.4097785915108,436,Thin-Jam Lock Nut 12
2014-07-31,22.445621890238296,22.444965798540938,22.446346327568854,437,Thin-Jam Lock Nut 11
2014-08-31,1.0738462194904725,1.071381295980838,1.0765930039694507,437,Thin-Jam Lock Nut 11
2014-09-30,0.0,0.0,0.0,437,Thin-Jam Lock Nut 11
2014-10-31,7.336560632292715,7.327876364791214,7.346187555242337,437,Thin-Jam Lock Nut 11
2014-11-30,23.834319299091003,23.821783782050268,23.847862230467587,437,Thin-Jam Lock Nut 11
2014-12-31,7.001331956747533,6.984312120902294,7.019874949586662,437,Thin-Jam Lock Nut 11
2014-07-31,14.974822292926614,14.974015112910793,14.975750739414636,438,Lock Nut 5
2014-08-31,4.968921461282083,4.963951045713919,4.974374974179893,438,Lock Nut 5
2014-09-30,0.0,0.0,0.0,438,Lock Nut 5
2014-10-31,10.900762208687993,10.879786915766099,10.923920863825492,438,Lock Nut 5
2014-11-30,6.476992212768356,6.447997975485075,6.511457860432989,438,Lock Nut 5
2014-12-31,35.804900499921686,35.76430652800782,35.852075723659446,438,Lock Nut 5
2014-07-31,14.974822292926614,14.973737556529322,14.975765078628212,439,Lock Nut 6
2014-08-31,4.968921461282083,4.962757661118738,4.97356995684406,439,Lock Nut 6
2014-09-30,0.0,0.0,0.0,439,Lock Nut 6
2014-10-31,10.900762208687993,10.877170005864473,10.916886909778043,439,Lock Nut 6
2014-11-30,6.476992212768356,6.4421946850926,6.502382194167252,439,Lock Nut 6
2014-12-31,35.804900499921686,35.75847842020966,35.84095232969559,439,Lock Nut 6
2014-07-31,0.0,0.0,0.0,440,Lock Nut 16
2014-08-31,22.79417192548035,22.79417191647113,22.794171934632878,440,Lock Nut 16
2014-09-30,0.0,0.0,0.0,440,Lock Nut 16
2014-10-31,22.94258292624293,22.94258291219293,22.94258294140317,440,Lock Nut 16
2014-11-30,0.0,0.0,0.0,440,Lock Nut 16
2014-12-31,279.7203655172312,279.72036548780557,279.7203655423577,440,Lock Nut 16
2014-07-31,0.0,0.0,0.0,441,Lock Nut 17
2014-08-31,22.79417192548035,22.794171917578307,22.794171934370404,441,Lock Nut 17
2014-09-30,0.0,0.0,0.0,441,Lock Nut 17
2014-10-31,22.94258292624293,22.942582912000873,22.9425829395796,441,Lock Nut 17
2014-11-30,0.0,0.0,0.0,441,Lock Nut 17
2014-12-31,279.7203655172312,279.72036549196343,279.72036554152294,441,Lock Nut 17
2014-07-31,18.13303983765141,18.119296766867368,18.152514081228684,442,Lock Nut 7
2014-08-31,0.0,0.0,0.0,442,Lock Nut 7
2014-09-30,0.0,0.0,0.0,442,Lock Nut 7
2014-10-31,9.936828228596124,9.690312834244285,10.214421685021541,442,Lock Nut 7
2014-11-30,13.579013998577022,13.219386248457827,13.973806912157327,442,Lock Nut 7
2014-12-31,14.183756732535404,13.72209942667994,14.726616873215084,442,Lock Nut 7
2014-07-31,18.13303983765141,18.12097274314005,18.141667177298796,443,Lock Nut 8
2014-08-31,0.0,0.0,0.0,443,Lock Nut 8
2014-09-30,0.0,0.0,0.0,443,Lock Nut 8
2014-10-31,9.936828228596124,9.686974155518632,10.177957537050574,443,Lock Nut 8
2014-11-30,13.579013998577022,13.22635175074441,13.948162943033799,443,Lock Nut 8
2014-12-31,14.183756732535404,13.706751423540965,14.69861988317184,443,Lock Nut 8
2014-07-31,19.65425720270925,19.652645024115934,19.65497371006148,444,Lock Nut 9
2014-08-31,3.8605533701764045,3.8549392621977594,3.864967574756843,444,Lock Nut 9
2014-09-30,12.88469518133753,12.872483475276441,12.895121271432458,444,Lock Nut 9
2014-10-31,0.0,0.0,0.0,444,Lock Nut 9
2014-11-30,21.00893437306847,20.978936520911425,21.035431306585085,444,Lock Nut 9
2014-12-31,153.74730849080834,153.70777920809434,153.78371741688866,444,Lock Nut 9
2014-07-31,1.72263115411155,1.722630025787436,1.722632594439529,445,Lock Nut 22
2014-08-31,7.544174326067894,7.544169091008607,7.544179908322133,445,Lock Nut 22
2014-09-30,2.304296124477581,2.3042846020930368,2.304308574082203,445,Lock Nut 22
2014-10-31,25.754166558017214,25.754145977321983,25.754187933872696,445,Lock Nut 22
2014-11-30,0.0,0.0,0.0,445,Lock Nut 22
2014-12-31,0.0,0.0,0.0,445,Lock Nut 22
2014-07-31,1.72263115411155,1.7226298688210635,1.7226326845509459,446,Lock Nut 23
2014-08-31,7.544174326067894,7.544168953394049,7.544179599864097,446,Lock Nut 23
2014-09-30,2.304296124477581,2.3042843128835493,2.3043079030756246,446,Lock Nut 23
2014-10-31,25.754166558017214,25.754146155507627,25.75418760291075,446,Lock Nut 23
2014-11-30,0.0,0.0,0.0,446,Lock Nut 23
2014-12-31,0.0,0.0,0.0,446,Lock Nut 23
2014-07-31,1.72263115411155,1.722630058130872,1.7226322134051428,447,Lock Nut 12
2014-08-31,7.544174326067894,7.544168939813372,7.544179266132243,447,Lock Nut 12
2014-09-30,2.304296124477581,2.3042843607415566,2.304307540152302,447,Lock Nut 12
2014-10-31,25.754166558017214,25.754146289159845,25.754187309404905,447,Lock Nut 12
2014-11-30,0.0,0.0,0.0,447,Lock Nut 12
2014-12-31,0.0,0.0,0.0,447,Lock Nut 12
2014-07-31,38.964810968533456,38.95575625346813,38.974481644550664,448,Lock Nut 13
2014-08-31,16.637448867796333,16.600048454459987,16.683152328989387,448,Lock Nut 13
2014-09-30,0.0,0.0,0.0,448,Lock Nut 13
2014-10-31,6.347793277357865,6.200056175850695,6.512637313393521,448,Lock Nut 13
2014-11-30,0.0,0.0,0.0,448,Lock Nut 13
2014-12-31,0.0,0.0,0.0,448,Lock Nut 13
2014-07-31,15.466932098044204,15.458902880287233,15.479646733865327,449,Lock Nut 1
2014-08-31,0.0,0.0,0.0,449,Lock Nut 1
2014-09-30,28.11468914104409,28.027143518460996,28.217669193040386,449,Lock Nut 1
2014-10-31,0.0,0.0,0.0,449,Lock Nut 1
2014-11-30,25.767861196743738,25.53513616356535,26.026196269537834,449,Lock Nut 1
2014-12-31,0.0,0.0,0.0,449,Lock Nut 1
2014-07-31,0.0,0.0,0.0,450,Lock Nut 10
2014-08-31,62.782970597744544,62.782970588679646,62.782970605867455,450,Lock Nut 10
2014-09-30,6.6048556960357345,6.604855684483114,6.604855706625618,450,Lock Nut 10
2014-10-31,0.0,0.0,0.0,450,Lock Nut 10
2014-11-30,6.354997622760827,6.354997602254521,6.354997640908952,450,Lock Nut 10
2014-12-31,7.053200428882931,7.053200402995989,7.0532004520326375,450,Lock Nut 10
2014-07-31,7.691168019655896,7.690851041711838,7.691524770043604,451,Lock Nut 11
2014-08-31,0.0,0.0,0.0,451,Lock Nut 11
2014-09-30,44.604969632969315,44.60202683741729,44.60746688510099,451,Lock Nut 11
2014-10-31,26.05929787119267,26.054598560809254,26.063526090087223,451,Lock Nut 11
2014-11-30,0.0,0.0,0.0,451,Lock Nut 11
2014-12-31,24.630962156122607,24.621916469354204,24.63922173310652,451,Lock Nut 11
2014-07-31,10.32456056515138,10.32224774017221,10.327133545558858,452,Lock Nut 2
2014-08-31,4.567968948441426,4.5604545861722325,4.577634779981929,452,Lock Nut 2
2014-09-30,0.0,0.0,0.0,452,Lock Nut 2
2014-10-31,0.0,0.0,0.0,452,Lock Nut 2
2014-11-30,0.21597684844509102,0.17772289045723788,0.2615311921015802,452,Lock Nut 2
2014-12-31,6.257604093187579,6.206345106630817,6.318736327540956,452,Lock Nut 2
2014-07-31,10.32456056515138,10.322061931377599,10.32633695375112,453,Lock Nut 20
2014-08-31,4.567968948441426,4.558857259565316,4.574599497360644,453,Lock Nut 20
2014-09-30,0.0,0.0,0.0,453,Lock Nut 20
2014-10-31,0.0,0.0,0.0,453,Lock Nut 20
2014-11-30,0.21597684844509102,0.17219018182291695,0.25181048830749336,453,Lock Nut 20
2014-12-31,6.257604093187579,6.199679710569627,6.305710801987065,453,Lock Nut 20
2014-07-31,10.32456056515138,10.322278984220429,10.3271988209491,454,Lock Nut 21
2014-08-31,4.567968948441426,4.5600122153845986,4.576431921951087,454,Lock Nut 21
2014-09-30,0.0,0.0,0.0,454,Lock Nut 21
2014-10-31,0.0,0.0,0.0,454,Lock Nut 21
2014-11-30,0.21597684844509102,0.17752692921408536,0.2573076269672955,454,Lock Nut 21
2014-12-31,6.257604093187579,6.205477166479739,6.312013344914586,454,Lock Nut 21
2014-07-31,18.987151564989276,18.981108269316998,18.99348651870577,455,Lock Nut 3
2014-08-31,0.0,0.0,0.0,455,Lock Nut 3
2014-09-30,4.709098188673283,4.6606614611086306,4.7550322544355,455,Lock Nut 3
2014-10-31,4.868701952053027,4.788076472078566,4.946955723963301,455,Lock Nut 3
2014-11-30,7.640573565527861,7.525339739434381,7.749355898076758,455,Lock Nut 3
2014-12-31,16.47061092029057,16.321478517008742,16.623226541626174,455,Lock Nut 3
2014-07-31,20.309255118243165,20.301882818245485,20.317163588439012,456,Lock Nut 14
2014-08-31,9.972388618846486,9.941837601473422,10.001780384472161,456,Lock Nut 14
2014-09-30,8.78486610097817,8.71632703568031,8.856105191093887,456,Lock Nut 14
2014-10-31,0.0,0.0,0.0,456,Lock Nut 14
2014-11-30,61.02131412626694,60.84532386535531,61.20419780189455,456,Lock Nut 14
2014-12-31,1.721134223952701,1.4806217178917365,1.9690262106499876,456,Lock Nut 14
2014-07-31,20.309255118243165,20.30083928254896,20.317464135502192,457,Lock Nut 15
2014-08-31,9.972388618846486,9.941762466454879,10.003153272630803,457,Lock Nut 15
2014-09-30,8.78486610097817,8.722877673471773,8.852075138129273,457,Lock Nut 15
2014-10-31,0.0,0.0,0.0,457,Lock Nut 15
2014-11-30,61.02131412626694,60.86463810527269,61.19577596082809,457,Lock Nut 15
2014-12-31,1.721134223952701,1.5047091646255024,1.9589218020931394,457,Lock Nut 15
2014-07-31,20.309255118243165,20.301271443639322,20.312492611588176,458,Lock Nut 4
2014-08-31,9.972388618846486,9.934748190373652,9.997257699202455,458,Lock Nut 4
2014-09-30,8.78486610097817,8.708814748855703,8.846415104945837,458,Lock Nut 4
2014-10-31,0.0,0.0,0.0,458,Lock Nut 4
2014-11-30,61.02131412626694,60.835676082880966,61.17883427195725,458,Lock Nut 4
2014-12-31,1.721134223952701,1.473226103935427,1.9471314511792444,458,Lock Nut 4
2014-07-31,20.309255118243165,20.301233933987497,20.316959679054655,459,Lock Nut 19
2014-08-31,9.972388618846486,9.939981180549523,10.000212615499521,459,Lock Nut 19
2014-09-30,8.78486610097817,8.710690629745539,8.851664329704246,459,Lock Nut 19
2014-10-31,0.0,0.0,0.0,459,Lock Nut 19
2014-11-30,61.02131412626694,60.83226329581464,61.190396016041504,459,Lock Nut 19
2014-12-31,1.721134223952701,1.4725754667670614,1.9404789489043526,459,Lock Nut 19
2014-07-31,20.309255118243165,20.30286543601558,20.31743001537419,460,Lock Nut 18
2014-08-31,9.972388618846486,9.943129990551071,10.00438841259497,460,Lock Nut 18
2014-09-30,8.78486610097817,8.716756471772136,8.856375891597205,460,Lock Nut 18
2014-10-31,0.0,0.0,0.0,460,Lock Nut 18
2014-11-30,61.02131412626694,60.85534031202252,61.19973309331461,460,Lock Nut 18
2014-12-31,1.721134223952701,1.4897381920946864,1.952711427602022,460,Lock Nut 18
2014-07-31,9.048313716332057,9.029931477647759,9.062919776118484,461,Lock Ring
2014-08-31,58.83754119502062,58.77588340809894,58.890043800425126,461,Lock Ring
2014-09-30,0.0,0.0,0.0,461,Lock Ring
2014-10-31,33.174327287383434,32.975672886051434,33.347534195549876,461,Lock Ring
2014-11-30,90.20140743911934,89.91794609426701,90.44552587853494,461,Lock Ring
2014-12-31,0.0,0.0,0.0,461,Lock Ring
2014-08-31,33.26585757729265,33.23993569125161,33.28646342497945,462,Lower Head Race
2014-09-30,19.554526411292496,19.45890420654736,19.63124649120042,462,Lower Head Race
2014-10-31,35.81509088660252,35.61118213119308,35.976952784408546,462,Lower Head Race
2014-11-30,0.0,0.0,0.0,462,Lower Head Race
2014-12-31,9.033015592780014,8.551848748520904,9.457886687553659,462,Lower Head Race
2015-01-31,9.487357145739152,8.878629110368715,10.083245432543729,462,Lower Head Race
2014-07-31,13.315152248492325,13.312903608653908,13.31920017051139,463,Lock Washer 4
2014-08-31,0.0,0.0,0.0,463,Lock Washer 4
2014-09-30,37.546626226688964,37.507042919682284,37.60292896740202,463,Lock Washer 4
2014-10-31,0.0,0.0,0.0,463,Lock Washer 4
2014-11-30,14.645541350308836,14.524944724336113,14.788195450299334,463,Lock Washer 4
2014-12-31,0.0,0.0,0.0,463,Lock Washer 4
2014-07-31,13.315152248492325,13.311237848772217,13.31892252267466,464,Lock Washer 5
2014-08-31,0.0,0.0,0.0,464,Lock Washer 5
2014-09-30,37.546626226688964,37.495438977231785,37.59701487729356,464,Lock Washer 5
2014-10-31,0.0,0.0,0.0,464,Lock Washer 5
2014-11-30,14.645541350308836,14.517417584312495,14.779165425831252,464,Lock Washer 5
2014-12-31,0.0,0.0,0.0,464,Lock Washer 5
2014-08-31,0.0,0.0,0.0,465,Lock Washer 10
2014-09-30,8.665274665192985,8.659648576381125,8.670447922775656,465,Lock Washer 10
2014-10-31,14.525227361379116,14.512575729617472,14.536982717662667,465,Lock Washer 10
2014-11-30,0.0,0.0,0.0,465,Lock Washer 10
2014-12-31,18.276637073096857,18.245981754615578,18.308664263296343,465,Lock Washer 10
2015-01-31,4.714646765487364,4.670159677578654,4.758769034384964,465,Lock Washer 10
2014-08-31,0.0,0.0,0.0,466,Lock Washer 6
2014-09-30,0.0,0.0,0.0,466,Lock Washer 6
2014-10-31,12.921474206873683,12.920017700498063,12.923152470826016,466,Lock Washer 6
2014-11-30,40.52044734092035,40.51786556795887,40.52330706164465,466,Lock Washer 6
2014-12-31,0.0,0.0,0.0,466,Lock Washer 6
2015-01-31,5.327633501503864,5.3226578636382325,5.333489114221798,466,Lock Washer 6
2014-08-31,0.0,0.0,0.0,467,Lock Washer 13
2014-09-30,0.0,0.0,0.0,467,Lock Washer 13
2014-10-31,12.921474206873683,12.920125080882677,12.923123018977025,467,Lock Washer 13
2014-11-30,40.52044734092035,40.51810517975303,40.52336402821244,467,Lock Washer 13
2014-12-31,0.0,0.0,0.0,467,Lock Washer 13
2015-01-31,5.327633501503864,5.323093199215282,5.333198305510399,467,Lock Washer 13
2014-07-31,0.0,0.0,0.0,468,Lock Washer 8
2014-08-31,17.953653642679708,17.947906515042753,17.957549447767487,468,Lock Washer 8
2014-09-30,175.53849770310157,175.52639611307876,175.54789654756004,468,Lock Washer 8
2014-10-31,0.0,0.0,0.0,468,Lock Washer 8
2014-11-30,22.586614188028335,22.55453995150484,22.610222676013336,468,Lock Washer 8
2014-12-31,0.0,0.0,0.0,468,Lock Washer 8
2014-07-31,16.5401199990969,16.51508823459448,16.572417318375834,469,Lock Washer 1
2014-08-31,11.252101294681953,11.16195774333688,11.371972067008645,469,Lock Washer 1
2014-09-30,0.0,0.0,0.0,469,Lock Washer 1
2014-10-31,5.82920987804852,5.479870420141981,6.218328494557497,469,Lock Washer 1
2014-11-30,7.322533908507384,6.82541747672957,7.890732478644078,469,Lock Washer 1
2014-12-31,0.0,0.0,0.0,469,Lock Washer 1
2014-07-31,16.5401199990969,16.519033051946778,16.56724952843194,470,Lock Washer 7
2014-08-31,11.252101294681953,11.154962512615795,11.348282655008758,470,Lock Washer 7
2014-09-30,0.0,0.0,0.0,470,Lock Washer 7
2014-10-31,5.82920987804852,5.46039002143118,6.170104744348539,470,Lock Washer 7
2014-11-30,7.322533908507384,6.7770866510435654,7.832589882251242,470,Lock Washer 7
2014-12-31,0.0,0.0,0.0,470,Lock Washer 7
2014-07-31,16.5401199990969,16.51963294736011,16.567661479985624,471,Lock Washer 12
2014-08-31,11.252101294681953,11.15872955635093,11.356042854649788,471,Lock Washer 12
2014-09-30,0.0,0.0,0.0,471,Lock Washer 12
2014-10-31,5.82920987804852,5.477622748888739,6.216964941347024,471,Lock Washer 12
2014-11-30,7.322533908507384,6.818141532413363,7.896039289855588,471,Lock Washer 12
2014-12-31,0.0,0.0,0.0,471,Lock Washer 12
2014-07-31,4.635964891007289,4.635964887375959,4.635964894624928,472,Lock Washer 2
2014-08-31,0.0,0.0,0.0,472,Lock Washer 2
2014-09-30,20.73524104519239,20.735241032891548,20.73524105768533,472,Lock Washer 2
2014-10-31,7.694510518834782,7.694510499323904,7.69451053953092,472,Lock Washer 2
2014-11-30,7.909162491184288,7.909162462640086,7.90916251956385,472,Lock Washer 2
2014-12-31,6.508549152018286,6.508549113831667,6.508549190469085,472,Lock Washer 2
2014-07-31,13.727659844453225,13.725805915110804,13.72881905979864,473,Lock Washer 9
2014-08-31,0.0,0.0,0.0,473,Lock Washer 9
2014-09-30,7.402300789846338,7.389805682888613,7.412696225855718,473,Lock Washer 9
2014-10-31,0.0,0.0,0.0,473,Lock Washer 9
2014-11-30,18.331229282125143,18.303611146519195,18.357475873015456,473,Lock Washer 9
2014-12-31,0.0,0.0,0.0,473,Lock Washer 9
2014-07-31,13.727659844453225,13.7264389182059,13.72908156011704,474,Lock Washer 3
2014-08-31,0.0,0.0,0.0,474,Lock Washer 3
2014-09-30,7.402300789846338,7.393052067035758,7.415266658276024,474,Lock Washer 3
2014-10-31,0.0,0.0,0.0,474,Lock Washer 3
2014-11-30,18.331229282125143,18.308169208074982,18.361284036311883,474,Lock Washer 3
2014-12-31,0.0,0.0,0.0,474,Lock Washer 3
2014-07-31,12.205502254737219,12.205502219479074,12.20550229630688,475,Lock Washer 11
2014-08-31,2.7309844946234483,2.7309843831426424,2.7309846252436847,475,Lock Washer 11
2014-09-30,15.977176184862055,15.977175947035208,15.977176440407117,475,Lock Washer 11
2014-10-31,2.404584137087693,2.404583762853838,2.4045845449259726,475,Lock Washer 11
2014-11-30,10.699636420072936,10.699635883760699,10.699636996193824,475,Lock Washer 11
2014-12-31,5.838043511312401,5.838042814371902,5.838044305109304,475,Lock Washer 11
2014-07-31,1826.4594536364245,1826.0009905393229,1827.279166497537,476,Metal Angle
2014-08-31,0.0,0.0,0.0,476,Metal Angle
2014-09-30,0.0,0.0,0.0,476,Metal Angle
2014-10-31,0.0,0.0,0.0,476,Metal Angle
2014-11-30,0.0,0.0,0.0,476,Metal Angle
2014-12-31,0.0,0.0,0.0,476,Metal Angle
2014-07-31,3199.063686203449,3199.0621606240716,3199.0658641669843,477,Metal Bar 1
2014-08-31,0.0,0.0,0.0,477,Metal Bar 1
2014-09-30,0.0,0.0,0.0,477,Metal Bar 1
2014-10-31,5903.088883743939,5903.042502101551,5903.12894013762,477,Metal Bar 1
2014-11-30,4371.121325643154,4371.0551416305625,4371.182304147219,477,Metal Bar 1
2014-12-31,210.75666651704177,210.6656672505469,210.84043559182422,477,Metal Bar 1
2014-07-31,0.0,0.0,0.0,478,Metal Bar 2
2014-08-31,0.0,0.0,0.0,478,Metal Bar 2
2014-09-30,0.0,0.0,0.0,478,Metal Bar 2
2014-10-31,5462.113030796023,5461.086603673659,5463.0292699232805,478,Metal Bar 2
2014-11-30,0.0,0.0,0.0,478,Metal Bar 2
2014-12-31,0.0,0.0,0.0,478,Metal Bar 2
2014-07-31,2130.9706926706594,2130.3720574634535,2131.844252800266,479,Metal Plate 2
2014-08-31,2168.3590902982473,2165.657729673209,2171.632288969165,479,Metal Plate 2
2014-09-30,0.0,0.0,0.0,479,Metal Plate 2
2014-10-31,0.0,0.0,0.0,479,Metal Plate 2
2014-11-30,871.8870020166787,856.4583158895235,890.7883567122485,479,Metal Plate 2
2014-12-31,535.4663574475537,513.8315587791832,561.2429895490269,479,Metal Plate 2
2014-07-31,0.0,0.0,0.0,480,Metal Plate 1
2014-08-31,2145.0980108395984,2144.7427274845463,2145.4892946924597,480,Metal Plate 1
2014-09-30,0.0,0.0,0.0,480,Metal Plate 1
2014-10-31,1520.3136839389317,1518.855901176742,1521.706494979284,480,Metal Plate 1
2014-11-30,1390.2272513217044,1388.0412190932377,1392.3329827234375,480,Metal Plate 1
2014-12-31,2220.834601363801,2217.85834137934,2223.674727540216,480,Metal Plate 1
2014-07-31,1634.0790988102722,1634.0790985260478,1634.0790990637054,481,Metal Plate 3
2014-08-31,0.0,0.0,0.0,481,Metal Plate 3
2014-09-30,0.0,0.0,0.0,481,Metal Plate 3
2014-10-31,6087.27817238004,6087.278169711262,6087.278174678417,481,Metal Plate 3
2014-11-30,0.0,0.0,0.0,481,Metal Plate 3
2014-12-31,1343.2986618067357,1343.2986564142548,1343.298666870445,481,Metal Plate 3
2014-07-31,3734.0691230872812,3732.454365086247,3735.017022327073,482,Metal Sheet 2
2014-08-31,170.3855175428207,164.2828876423673,175.64375688270113,482,Metal Sheet 2
2014-09-30,36000.01485750621,35987.21436413448,36012.678183308264,482,Metal Sheet 2
2014-10-31,0.0,0.0,0.0,482,Metal Sheet 2
2014-11-30,2731.4431940650197,2698.1342395599463,2762.7440346855165,482,Metal Sheet 2
2014-12-31,0.0,0.0,0.0,482,Metal Sheet 2
2014-07-31,0.0,0.0,0.0,483,Metal Sheet 3
2014-08-31,1162.7883885791289,1162.7214401672366,1162.8518955585912,483,Metal Sheet 3
2014-09-30,642.3353876790666,642.1904431093457,642.4706273587901,483,Metal Sheet 3
2014-10-31,2253.062885491365,2252.826624953638,2253.295105331662,483,Metal Sheet 3
2014-11-30,0.0,0.0,0.0,483,Metal Sheet 3
2014-12-31,1813.6063785182191,1813.1408654855104,1814.0642621019433,483,Metal Sheet 3
2014-07-31,7491.0362395738675,7491.036238377052,7491.036240807616,484,Metal Sheet 7
2014-08-31,0.0,0.0,0.0,484,Metal Sheet 7
2014-09-30,574.5563943992835,574.5563928334522,574.5563960964927,484,Metal Sheet 7
2014-10-31,0.0,0.0,0.0,484,Metal Sheet 7
2014-11-30,4600.706715546504,4600.706712981062,4600.706718702311,484,Metal Sheet 7
2014-12-31,981.7767736564008,981.7767701859099,981.7767776653482,484,Metal Sheet 7
2014-07-31,0.0,0.0,0.0,485,Metal Sheet 4
2014-08-31,18.711190286457963,17.204964161791978,20.625520946564144,485,Metal Sheet 4
2014-09-30,0.0,0.0,0.0,485,Metal Sheet 4
2014-10-31,3371.3161541087743,3365.7666078210564,3378.8392878433633,485,Metal Sheet 4
2014-11-30,0.0,0.0,0.0,485,Metal Sheet 4
2014-12-31,5022.275181299017,5010.750853179491,5036.542662479597,485,Metal Sheet 4
2014-07-31,7491.0362395738675,7491.036238329021,7491.0362407921,486,Metal Sheet 5
2014-08-31,0.0,0.0,0.0,486,Metal Sheet 5
2014-09-30,574.5563943992835,574.5563927374523,574.5563962110341,486,Metal Sheet 5
2014-10-31,0.0,0.0,0.0,486,Metal Sheet 5
2014-11-30,4600.706715546504,4600.706712617318,4600.706718670468,486,Metal Sheet 5
2014-12-31,981.7767736564008,981.7767699308505,981.7767775029705,486,Metal Sheet 5
2014-08-31,0.0,0.0,0.0,487,Metal Sheet 6
2014-09-30,8888.4432292132,8884.025764630891,8892.788572754363,487,Metal Sheet 6
2014-10-31,4217.831982191042,4208.716307605168,4227.4950688533145,487,Metal Sheet 6
2014-11-30,0.0,0.0,0.0,487,Metal Sheet 6
2014-12-31,0.0,0.0,0.0,487,Metal Sheet 6
2015-01-31,1785.2705136136635,1753.0895624140594,1818.9862275910548,487,Metal Sheet 6
2014-08-31,0.0,0.0,0.0,488,Metal Sheet 1
2014-09-30,670.7149945777894,661.113019843485,684.8303562746266,488,Metal Sheet 1
2014-10-31,1841.7389906609376,1818.0378102411676,1871.2107506785906,488,Metal Sheet 1
2014-11-30,0.0,0.0,0.0,488,Metal Sheet 1
2014-12-31,2213.361683257544,2150.7104649625826,2284.6217248611893,488,Metal Sheet 1
2015-01-31,199.84609684201962,109.27596975472792,293.8055373533542,488,Metal Sheet 1
2014-08-31,0.0,0.0,0.0,489,Metal Tread Plate
2014-09-30,1884.952023601456,1878.6116059920714,1891.0335314763806,489,Metal Tread Plate
2014-10-31,0.0,0.0,0.0,489,Metal Tread Plate
2014-11-30,0.0,0.0,0.0,489,Metal Tread Plate
2014-12-31,0.0,0.0,16.249381241201203,489,Metal Tread Plate
2015-01-31,3553.691302161454,3505.498415682483,3602.2774715895107,489,Metal Tread Plate
2014-08-31,50.30259122345624,46.50363664821514,54.36552945987709,490,LL Nipple
2014-09-30,40.36011603228558,36.40769625501714,44.07746095799589,490,LL Nipple
2014-10-31,37.7798334160726,34.1137816265856,41.51016937475009,490,LL Nipple
2014-11-30,8.441130380107499,4.637956865913604,12.153847553212048,490,LL Nipple
2014-12-31,57.38851276389915,53.634738725892845,61.110911669555115,490,LL Nipple
2015-01-31,22.34184522600693,18.651485888423114,26.441549286240903,490,LL Nipple
2014-08-31,0.0,0.0,0.0,491,HL Nipple
2014-09-30,10.593760615561791,10.572649925830307,10.610101773827163,491,HL Nipple
2014-10-31,113.71025750201942,113.66640204468564,113.74712288691488,491,HL Nipple
2014-11-30,0.0,0.0,0.0,491,HL Nipple
2014-12-31,0.0,0.0,0.0,491,HL Nipple
2015-01-31,113.26016371891743,113.12895849460678,113.37863705834509,491,HL Nipple
2014-08-31,1652.3412916954087,1652.1147358500093,1652.5607467468947,492,Paint - Black
2014-09-30,184.35655512738595,183.56784592118836,185.09701976360884,492,Paint - Black
2014-10-31,414.86694154936606,413.27307841731704,416.3389579752451,492,Paint - Black
2014-11-30,742.9270836378005,740.5101428407057,745.482084099075,492,Paint - Black
2014-12-31,557.2761438957882,553.8957683228464,560.9386934220954,492,Paint - Black
2015-01-31,0.0,0.0,0.0,492,Paint - Black
2014-08-31,0.0,0.0,0.0,493,Paint - Red
2014-09-30,1007.5442810203189,1007.54428065077,1007.5442813844595,493,Paint - Red
2014-10-31,1397.5504462012311,1397.550445655618,1397.5504467172834,493,Paint - Red
2014-11-30,496.614220049027,496.61421927726235,496.61422086790367,493,Paint - Red
2014-12-31,289.5846533881825,289.5846522619886,289.58465452121,493,Paint - Red
2015-01-31,0.0,0.0,0.0,493,Paint - Red
2014-08-31,893.1466964302604,848.3924206667001,939.02179984252,494,Paint - Silver
2014-09-30,427.6321783149384,382.6680234859723,475.4642647831741,494,Paint - Silver
2014-10-31,414.84175119164763,372.3799862062233,458.68884157854546,494,Paint - Silver
2014-11-30,177.28760313773415,132.4736564811674,220.84224489916429,494,Paint - Silver
2014-12-31,189.88682650610534,150.71096599792642,233.76185838593986,494,Paint - Silver
2015-01-31,226.31764047945808,183.11337642223074,270.6282926873133,494,Paint - Silver
2014-08-31,880.5910833939722,837.3506902015929,922.9988767987944,495,Paint - Blue
2014-09-30,417.6742361266952,373.27044855306247,463.5201647301795,495,Paint - Blue
2014-10-31,407.09483429864383,365.97052213635084,450.5843549393748,495,Paint - Blue
2014-11-30,187.75247772963417,145.07486355157113,228.9180929918396,495,Paint - Blue
2014-12-31,199.82498357411814,155.55241094579225,245.2442253700259,495,Paint - Blue
2015-01-31,231.03292378755543,186.99004137418368,274.4340001850983,495,Paint - Blue
2014-08-31,1395.2951176660167,1394.7890219860824,1395.8204276712945,496,Paint - Yellow
2014-09-30,486.90335823455814,485.18295986588555,488.58179487052763,496,Paint - Yellow
2014-10-31,0.0,0.0,0.0,496,Paint - Yellow
2014-11-30,0.0,0.0,0.0,496,Paint - Yellow
2014-12-31,0.0,0.0,0.0,496,Paint - Yellow
2015-01-31,674.8313819193415,663.9239523880518,686.2151974083022,496,Paint - Yellow
2014-07-31,47.083759852974055,47.017333340370016,47.14161856203985,497,Pinch Bolt
2014-08-31,0.2901407376140206,0.05745850554544847,0.4971760796357072,497,Pinch Bolt
2014-09-30,0.0,0.0,0.0,497,Pinch Bolt
2014-10-31,3.1448336286935437,2.3790923896931737,3.8577664041817563,497,Pinch Bolt
2014-11-30,48.56068391140558,47.482820212688914,49.61280994470339,497,Pinch Bolt
2014-12-31,0.0,0.0,0.0,497,Pinch Bolt
2014-07-31,33.17120811101307,33.111844414548216,33.22751209811169,504,Cup-Shaped Race
2014-08-31,20.932313817371877,20.70899955749321,21.179166291411516,504,Cup-Shaped Race
2014-09-30,1.4816000658783715,0.9908389598272206,2.020409752114178,504,Cup-Shaped Race
2014-10-31,27.010238206653874,26.221756676001377,27.875850496543908,504,Cup-Shaped Race
2014-11-30,33.964810808239044,32.82038922186993,35.1616582740551,504,Cup-Shaped Race
2014-12-31,4.671281066982317,3.1470667660732814,6.201490999735433,504,Cup-Shaped Race
2014-08-31,76.58125409439036,76.57647097435392,76.58707783402043,505,Cone-Shaped Race
2014-09-30,0.0,0.0,0.0,505,Cone-Shaped Race
2014-10-31,17.016872818655468,16.973833170232755,17.064354177096654,505,Cone-Shaped Race
2014-11-30,0.0,0.0,0.0,505,Cone-Shaped Race
2014-12-31,36.09024456685863,35.98463570213794,36.19643981596034,505,Cone-Shaped Race
2015-01-31,10.016980002625449,9.876252261349276,10.15590065273667,505,Cone-Shaped Race
2014-07-31,893.6770881334755,893.3573617367599,893.9627009059503,506,Reflector
2014-08-31,503.0945745828408,501.8960573481649,504.18699778441425,506,Reflector
2014-09-30,0.0,0.0,0.0,506,Reflector
2014-10-31,0.0,0.0,0.0,506,Reflector
2014-11-30,704.9617631372668,699.301634996298,710.1999997602652,506,Reflector
2014-12-31,1089.5947338526062,1081.906348607421,1096.7474619928464,506,Reflector
2014-08-31,37386.572062814856,37383.089370413596,37390.682761677126,507,LL Mountain Rim
2014-09-30,0.0,0.0,0.0,507,LL Mountain Rim
2014-10-31,2587.610645279453,2558.2248449117883,2620.2927930645487,507,LL Mountain Rim
2014-11-30,29481.618227746254,29431.739425842574,29534.030981604887,507,LL Mountain Rim
2014-12-31,40074.12007340849,40001.61736911303,40153.11280835362,507,LL Mountain Rim
2015-01-31,0.0,0.0,0.0,507,LL Mountain Rim
2014-08-31,15662.86359225749,15662.357408140786,15663.195925341583,508,ML Mountain Rim
2014-09-30,0.0,0.0,0.0,508,ML Mountain Rim
2014-10-31,18406.372927517958,18402.926366552656,18408.916033486126,508,ML Mountain Rim
2014-11-30,1765.5667569841917,1759.949589758036,1769.8012294764096,508,ML Mountain Rim
2014-12-31,1961.4998730309035,1953.3591591442262,1967.8345812591488,508,ML Mountain Rim
2015-01-31,0.0,0.0,0.0,508,ML Mountain Rim
2014-08-31,4774.748428503575,4774.036245295932,4775.602900772389,509,HL Mountain Rim
2014-09-30,5445.932282562086,5443.122125811983,5448.981803940375,509,HL Mountain Rim
2014-10-31,0.0,0.0,0.0,509,HL Mountain Rim
2014-11-30,3828.9579699376964,3818.2381263550537,3839.828744667979,509,HL Mountain Rim
2014-12-31,2073.956738058829,2058.31626414442,2089.984013169865,509,HL Mountain Rim
2015-01-31,0.0,0.0,0.0,509,HL Mountain Rim
2014-08-31,27591.268703317415,27591.268699705786,27591.268707504565,510,LL Road Rim
2014-09-30,0.0,0.0,0.0,510,LL Road Rim
2014-10-31,8980.306372427043,8980.30636507844,8980.30637986254,510,LL Road Rim
2014-11-30,0.0,0.0,0.0,510,LL Road Rim
2014-12-31,5331.376724657283,5331.376710316722,5331.376739146584,510,LL Road Rim
2015-01-31,15228.62308893548,15228.623070573716,15228.623108485883,510,LL Road Rim
2014-08-31,18419.52940016729,18416.682609196192,18421.843578914406,511,ML Road Rim
2014-09-30,0.0,0.0,0.0,511,ML Road Rim
2014-10-31,21582.717973728493,21563.997622185536,21600.285396894295,511,ML Road Rim
2014-11-30,0.0,0.0,0.0,511,ML Road Rim
2014-12-31,5353.463901103294,5310.293220347936,5393.549074674369,511,ML Road Rim
2015-01-31,16251.101883155745,16191.70399694786,16304.669295675878,511,ML Road Rim
2014-07-31,8773.78726952253,8150.856564661127,9365.43043264031,512,HL Road Rim
2014-08-31,5040.092639729317,4430.422401420956,5636.331588628749,512,HL Road Rim
2014-09-30,0.0,0.0,0.0,512,HL Road Rim
2014-10-31,14040.172058574808,13452.24682107752,14636.994130429284,512,HL Road Rim
2014-11-30,7851.259001460647,7245.763234427866,8412.484780018092,512,HL Road Rim
2014-12-31,0.0,0.0,362.64910506107947,512,HL Road Rim
2014-08-31,10674.251499969907,9825.925360862839,11546.25010962618,513,Touring Rim
2014-09-30,0.0,0.0,97.56669433621917,513,Touring Rim
2014-10-31,6564.126401286523,5668.059027321976,7371.347165623187,513,Touring Rim
2014-11-30,11057.75266874189,10130.73518896999,11967.195109568396,513,Touring Rim
2014-12-31,3589.576902197054,2750.5237019434107,4441.239930971968,513,Touring Rim
2015-01-31,3855.569977728018,2968.3663853179496,4716.057140685226,513,Touring Rim
2014-08-31,17043.674369156215,16414.466167813687,17668.693492173174,523,LL Spindle/Axle
2014-09-30,40560.57226920271,39883.29900147572,41203.926350180125,523,LL Spindle/Axle
2014-10-31,0.0,0.0,0.0,523,LL Spindle/Axle
2014-11-30,9611.865570787257,8917.171002510135,10258.32411393769,523,LL Spindle/Axle
2014-12-31,8996.004159931028,8345.490124519143,9604.245641658736,523,LL Spindle/Axle
2015-01-31,9019.112095416971,8335.322351623541,9642.530649062699,523,LL Spindle/Axle
2014-08-31,17393.384622708534,16890.20285696602,17900.00386055745,524,HL Spindle/Axle
2014-09-30,0.0,0.0,0.0,524,HL Spindle/Axle
2014-10-31,9636.698476877216,9176.005362086524,10139.368598786321,524,HL Spindle/Axle
2014-11-30,7637.49156414786,7151.4203019708,8164.967782878367,524,HL Spindle/Axle
2014-12-31,6955.966238024895,6439.482184817688,7457.156068353309,524,HL Spindle/Axle
2015-01-31,5508.677669261994,5012.244150011857,6037.827507799705,524,HL Spindle/Axle
2014-08-31,0.0,0.0,0.0,525,LL Shell
2014-09-30,4481.985227912635,4478.638069567877,4485.058062355306,525,LL Shell
2014-10-31,0.0,0.0,0.0,525,LL Shell
2014-11-30,23957.400453650404,23945.026062746336,23969.268094300216,525,LL Shell
2014-12-31,0.0,0.0,0.0,525,LL Shell
2015-01-31,0.0,0.0,0.0,525,LL Shell
2014-08-31,24138.71119013537,24135.264705296453,24141.748502374016,526,HL Shell
2014-09-30,0.0,0.0,0.0,526,HL Shell
2014-10-31,0.0,0.0,0.0,526,HL Shell
2014-11-30,4061.7194023624934,4023.7442424655396,4098.021656615941,526,HL Shell
2014-12-31,451.7375730351687,396.9281463515562,504.0252118899626,526,HL Shell
2015-01-31,1603.6910287549522,1531.8706481144172,1670.3897073732849,526,HL Shell
2014-08-31,5755.721981566208,5754.476797499759,5757.0725864476835,527,Spokes
2014-09-30,6106.003982656004,6101.995887756676,6110.705290536072,527,Spokes
2014-10-31,0.0,0.0,0.0,527,Spokes
2014-11-30,1342.8003031245917,1329.761995147747,1358.8478571734497,527,Spokes
2014-12-31,699.6401200243781,680.1586003676869,722.7922693046644,527,Spokes
2015-01-31,5808.135761717599,5781.197529614784,5838.564718575861,527,Spokes
2014-08-31,46.18197770733836,46.172214379460335,46.18994911527988,528,Seat Lug
2014-09-30,0.0,0.0,0.0,528,Seat Lug
2014-10-31,20.175211196754734,20.093961756719953,20.25367402285109,528,Seat Lug
2014-11-30,0.0,0.0,0.0,528,Seat Lug
2014-12-31,13.78621136562714,13.579266874915223,13.97367036852453,528,Seat Lug
2015-01-31,28.68608285257495,28.393810927946827,28.953552264177176,528,Seat Lug
2014-07-31,5515.583635229688,5515.519029280559,5515.663401438719,530,Seat Post
2014-08-31,3520.5632029026206,3520.3003371365267,3520.871775202657,530,Seat Post
2014-09-30,1850.103589774819,1849.528091910603,1850.7680250611793,530,Seat Post
2014-10-31,6967.811368784058,6966.80053767886,6968.877030756685,530,Seat Post
2014-11-30,2516.6840673143915,2515.199319147155,2518.2353725837143,530,Seat Post
2014-12-31,0.0,0.0,0.0,530,Seat Post
2014-08-31,4600.758198251999,4599.965313168577,4601.548201022142,535,Tension Pulley
2014-09-30,756.5393448272717,753.8913635306669,759.3942126604927,535,Tension Pulley
2014-10-31,453.7832323186727,448.13470160226314,460.0798833819999,535,Tension Pulley
2014-11-30,0.0,0.0,0.0,535,Tension Pulley
2014-12-31,11639.164080234035,11626.59255581377,11653.54604413051,535,Tension Pulley
2015-01-31,0.0,0.0,0.0,535,Tension Pulley
2014-07-31,24543.26445856986,24543.26445146676,24543.26446483149,679,Rear Derailleur Cage
2014-08-31,0.0,0.0,0.0,679,Rear Derailleur Cage
2014-09-30,0.0,0.0,0.0,679,Rear Derailleur Cage
2014-10-31,0.0,0.0,0.0,679,Rear Derailleur Cage
2014-11-30,10895.66545102273,10895.665339358668,10895.665558559172,679,Rear Derailleur Cage
2014-12-31,21008.741541119034,21008.74139460508,21008.74169347287,679,Rear Derailleur Cage
2014-08-31,995.9043363540818,662.3079245094751,1346.071149164742,907,Rear Brakes
2014-09-30,3097.181684067031,2753.3782974361216,3417.145092938627,907,Rear Brakes
2014-10-31,3452.011211256997,3146.2966611444945,3789.1602392981554,907,Rear Brakes
2014-11-30,4027.3952163249864,3694.4060834573625,4351.779629880777,907,Rear Brakes
2014-12-31,4613.538716993213,4277.672828223,4955.4484755261965,907,Rear Brakes
2015-01-31,1741.990642030179,1400.1822225593091,2072.2013527003237,907,Rear Brakes
2014-08-31,10153.790714351662,10151.4354017502,10156.099559712591,908,LL Mountain Seat/Saddle
2014-09-30,0.0,0.0,0.0,908,LL Mountain Seat/Saddle
2014-10-31,6402.4513420072835,6386.711608216262,6416.970342248142,908,LL Mountain Seat/Saddle
2014-11-30,9144.280413410965,9119.109345762952,9167.126192685992,908,LL Mountain Seat/Saddle
2014-12-31,8501.910709202602,8465.13517170167,8536.415689462561,908,LL Mountain Seat/Saddle
2015-01-31,0.0,0.0,0.0,908,LL Mountain Seat/Saddle
2014-08-31,4269.948216051198,4267.629019953242,4271.774529684774,909,ML Mountain Seat/Saddle
2014-09-30,8897.195618805788,8889.671165858636,8903.591470495725,909,ML Mountain Seat/Saddle
2014-10-31,794.5711738768618,778.644164600862,808.3662644898759,909,ML Mountain Seat/Saddle
2014-11-30,7498.167016171248,7473.280740910042,7521.607064344299,909,ML Mountain Seat/Saddle
2014-12-31,7303.334142675489,7268.146592117003,7337.088277260114,909,ML Mountain Seat/Saddle
2015-01-31,0.0,0.0,0.0,909,ML Mountain Seat/Saddle
2014-08-31,18020.651709073776,18019.24674214468,18022.69882627418,910,HL Mountain Seat/Saddle
2014-09-30,0.0,0.0,0.0,910,HL Mountain Seat/Saddle
2014-10-31,8499.820825362554,8487.416169548245,8512.672029083938,910,HL Mountain Seat/Saddle
2014-11-30,7283.741133616457,7262.6477136500425,7303.854661835639,910,HL Mountain Seat/Saddle
2014-12-31,6140.238441162482,6109.610246605573,6170.22738847151,910,HL Mountain Seat/Saddle
2015-01-31,0.0,0.0,0.0,910,HL Mountain Seat/Saddle
2014-08-31,0.0,0.0,0.0,911,LL Road Seat/Saddle
2014-09-30,4758.130794564761,4740.521387591725,4774.449767649505,911,LL Road Seat/Saddle
2014-10-31,32802.179276158095,32767.9665769028,32835.13290652327,911,LL Road Seat/Saddle
2014-11-30,249.51232204461326,195.8248494595686,307.92594949463756,911,LL Road Seat/Saddle
2014-12-31,0.0,0.0,0.0,911,LL Road Seat/Saddle
2015-01-31,0.0,0.0,0.0,911,LL Road Seat/Saddle
2014-08-31,16613.348787113762,16595.56598019166,16628.846124303134,912,ML Road Seat/Saddle
2014-09-30,0.0,0.0,0.0,912,ML Road Seat/Saddle
2014-10-31,7807.946021291373,7692.698185036601,7915.085729949859,912,ML Road Seat/Saddle
2014-11-30,11002.000630885603,10811.767621580242,11183.644600759219,912,ML Road Seat/Saddle
2014-12-31,9502.481029370472,9228.631950531733,9773.502366731045,912,ML Road Seat/Saddle
2015-01-31,0.0,0.0,0.0,912,ML Road Seat/Saddle
2014-08-31,8773.080795743661,8772.96628096879,8773.209820513719,913,HL Road Seat/Saddle
2014-09-30,1972.1592695887075,1971.7668440374712,1972.5756558609896,913,HL Road Seat/Saddle
2014-10-31,3210.027819057897,3209.172502530302,3210.9042328113655,913,HL Road Seat/Saddle
2014-11-30,4839.098283547283,4837.74378071844,4840.549395689535,913,HL Road Seat/Saddle
2014-12-31,870.5548221655517,868.5921802814347,872.7186290184152,913,HL Road Seat/Saddle
2015-01-31,0.0,0.0,0.0,913,HL Road Seat/Saddle
2014-07-31,2264.1250795273822,2259.2714161942577,2270.520729808928,914,LL Touring Seat/Saddle
2014-08-31,1166.6833879862916,1145.1756628957696,1190.7251008407304,914,LL Touring Seat/Saddle
2014-09-30,4876.122115719978,4828.748988349897,4927.285551217169,914,LL Touring Seat/Saddle
2014-10-31,3388.8733654722173,3313.3719106168214,3468.8254149297077,914,LL Touring Seat/Saddle
2014-11-30,2778.2092515117565,2668.8273238684956,2894.190942944297,914,LL Touring Seat/Saddle
2014-12-31,0.0,0.0,0.0,914,LL Touring Seat/Saddle
2014-07-31,3287.525643379796,3285.345965876771,3289.5549366707864,915,ML Touring Seat/Saddle
2014-08-31,182.51698996596133,174.61245498565535,190.26316806267945,915,ML Touring Seat/Saddle
2014-09-30,0.0,0.0,0.0,915,ML Touring Seat/Saddle
2014-10-31,7334.815308630259,7309.801170000825,7360.235326066927,915,ML Touring Seat/Saddle
2014-11-30,8967.8787023845,8930.989691546529,9004.914650299505,915,ML Touring Seat/Saddle
2014-12-31,4101.550287367601,4050.801411003743,4151.536102728243,915,ML Touring Seat/Saddle
2014-07-31,4298.593800843722,4294.822308794979,4302.31137414657,916,HL Touring Seat/Saddle
2014-08-31,151.05519340441833,135.2081497846669,165.73662172501807,916,HL Touring Seat/Saddle
2014-09-30,0.0,0.0,0.0,916,HL Touring Seat/Saddle
2014-10-31,424.8692889322007,363.7693657709473,480.6458734455116,916,HL Touring Seat/Saddle
2014-11-30,5122.949995394274,5033.456526859468,5205.832135087535,916,HL Touring Seat/Saddle
2014-12-31,2267.178947065265,2144.8056413023924,2377.2895650172036,916,HL Touring Seat/Saddle
2014-07-31,8489.328284583476,8299.981504031726,8694.71634217701,921,Mountain Tire Tube
2014-08-31,0.0,0.0,0.0,921,Mountain Tire Tube
2014-09-30,383.1406463774979,192.07942272173634,573.5540485722626,921,Mountain Tire Tube
2014-10-31,1930.002782578692,1738.8391445255577,2121.080523980732,921,Mountain Tire Tube
2014-11-30,4752.653208800768,4546.694972202909,4956.987389161393,921,Mountain Tire Tube
2014-12-31,6467.325343434026,6269.0647525241975,6671.067908223868,921,Mountain Tire Tube
2014-07-31,2292.9450599193533,2083.4877157552,2523.915300793596,922,Road Tire Tube
2014-08-31,1497.635295411637,1270.486564901632,1711.780217619946,922,Road Tire Tube
2014-09-30,1734.199540533946,1517.716174908057,1945.3006218987655,922,Road Tire Tube
2014-10-31,1713.424015541184,1488.0487445154408,1928.0363030575018,922,Road Tire Tube
2014-11-30,3938.9661623510565,3712.365146257482,4176.483939957229,922,Road Tire Tube
2014-12-31,2579.9668038071686,2353.40118218312,2806.861531248611,922,Road Tire Tube
2014-07-31,2732.324024564816,2723.9995828599153,2740.025796470211,923,Touring Tire Tube
2014-08-31,5629.752882244551,5597.189938040539,5657.888415770932,923,Touring Tire Tube
2014-09-30,1645.8913588978737,1582.2713420632244,1708.0819556934243,923,Touring Tire Tube
2014-10-31,1257.7678127085924,1152.9127571281492,1355.070511486351,923,Touring Tire Tube
2014-11-30,0.0,0.0,3.790305696517476,923,Touring Tire Tube
2014-12-31,7547.963191325534,7342.993092140641,7730.795841256968,923,Touring Tire Tube
2014-08-31,1845.5232608085103,884.765623428311,2814.7639738188664,928,LL Mountain Tire
2014-09-30,5264.671555893474,4336.648734487254,6233.815263102678,928,LL Mountain Tire
2014-10-31,5404.561940751775,4466.300129748738,6251.154765426331,928,LL Mountain Tire
2014-11-30,6462.999525939818,5591.9398303110565,7373.040775155312,928,LL Mountain Tire
2014-12-31,5106.7994193192335,4197.439275221293,6080.522426895674,928,LL Mountain Tire
2015-01-31,4832.451016297158,3925.322842447153,5821.563571094544,928,LL Mountain Tire
2014-08-31,1757.4076491275337,877.9726711173912,2739.373710980753,929,ML Mountain Tire
2014-09-30,5305.020315551381,4350.688853572963,6292.778289038787,929,ML Mountain Tire
2014-10-31,5625.21654956831,4647.076599486642,6577.495282220129,929,ML Mountain Tire
2014-11-30,6418.847148319195,5369.336692755642,7385.657777602689,929,ML Mountain Tire
2014-12-31,4990.872527345877,3969.3175096204573,5937.540281204778,929,ML Mountain Tire
2015-01-31,4926.870922336107,4034.3572818127564,5932.44009002008,929,ML Mountain Tire
2014-08-31,1228.3218708404388,399.11183497682686,2137.5310715535634,930,HL Mountain Tire
2014-09-30,6217.8381798029695,5319.906567818715,7101.110389831633,930,HL Mountain Tire
2014-10-31,6742.615549549799,5888.000716534355,7603.221113430593,930,HL Mountain Tire
2014-11-30,7364.831862191875,6502.777049517043,8235.878881682082,930,HL Mountain Tire
2014-12-31,7437.383711168042,6598.326016973064,8306.603453878575,930,HL Mountain Tire
2015-01-31,2586.9995733076667,1758.143687235949,3477.29011624407,930,HL Mountain Tire
2014-08-31,2035.6998011624707,1283.7049752526048,2748.751728942974,931,LL Road Tire
2014-09-30,4847.432923091298,4118.341801435054,5529.350354821926,931,LL Road Tire
2014-10-31,7162.9180041204,6442.117386086946,7838.16386833177,931,LL Road Tire
2014-11-30,5401.343184398446,4687.6401683469,6117.9912895169355,931,LL Road Tire
2014-12-31,9243.98773629117,8595.591466678585,9994.261956190787,931,LL Road Tire
2015-01-31,1835.154041099005,1146.022841332689,2561.298372276773,931,LL Road Tire
2014-08-31,1985.725035759045,1338.297541103189,2731.6159636597245,932,ML Road Tire
2014-09-30,4839.969813637954,4130.738449213461,5527.3775819900275,932,ML Road Tire
2014-10-31,7264.181052796199,6553.4674893963565,7937.146519901808,932,ML Road Tire
2014-11-30,5559.399294518282,4857.610722157505,6256.24962847856,932,ML Road Tire
2014-12-31,9647.068141955455,8951.58507974381,10348.586186721184,932,ML Road Tire
2015-01-31,1919.7813582069007,1182.4275506125846,2579.3297356910252,932,ML Road Tire
2014-07-31,5749.376532134174,5748.828452918056,5749.911185859444,933,HL Road Tire
2014-08-31,4913.854761523242,4911.850809176535,4915.854127606992,933,HL Road Tire
2014-09-30,5672.728238066498,5668.602146114319,5677.13994404222,933,HL Road Tire
2014-10-31,0.0,0.0,0.0,933,HL Road Tire
2014-11-30,10598.145334815863,10588.322221196278,10608.303555571014,933,HL Road Tire
2014-12-31,419.60251496723686,406.53690859729574,433.93183078828594,933,HL Road Tire
2014-07-31,9696.24332787692,9439.333274621245,9962.276029267256,934,Touring Tire
2014-08-31,0.0,0.0,0.0,934,Touring Tire
2014-09-30,1086.530958854436,824.4402314613842,1336.8197723122819,934,Touring Tire
2014-10-31,4081.6683584810144,3826.328818037714,4357.206949458156,934,Touring Tire
2014-11-30,7835.444490853668,7582.247289647849,8104.8295077426055,934,Touring Tire
2014-12-31,7586.638381075182,7315.937476700124,7861.484807270635,934,Touring Tire
2014-08-31,16311.254425768208,16311.254391313123,16311.254471572582,935,LL Mountain Pedal
2014-09-30,0.0,0.0,0.0,935,LL Mountain Pedal
2014-10-31,17064.426919726953,17064.426665300365,17064.42722761112,935,LL Mountain Pedal
2014-11-30,4209.607885726624,4209.607465992337,4209.608356544841,935,LL Mountain Pedal
2014-12-31,2950.307136458339,2950.3065247877357,2950.3077898425076,935,LL Mountain Pedal
2015-01-31,1180.0578783366714,1180.0570613082673,1180.0587618021575,935,LL Mountain Pedal
2014-08-31,17426.53582216344,17412.07121264296,17441.56295088843,936,ML Mountain Pedal
2014-09-30,0.0,0.0,0.0,936,ML Mountain Pedal
2014-10-31,10135.710703864752,10036.544837760894,10233.615222793265,936,ML Mountain Pedal
2014-11-30,9112.778186629232,8960.462472524125,9276.59666115333,936,ML Mountain Pedal
2014-12-31,6462.791628255707,6245.521225287342,6699.104307069344,936,ML Mountain Pedal
2015-01-31,784.8275986322815,484.9293303300714,1099.2753759356633,936,ML Mountain Pedal
2014-08-31,19456.999754772623,19452.483161397417,19460.790429909553,937,HL Mountain Pedal
2014-09-30,0.0,0.0,0.0,937,HL Mountain Pedal
2014-10-31,9545.41722399734,9515.131410344136,9575.245391623155,937,HL Mountain Pedal
2014-11-30,0.0,0.0,0.0,937,HL Mountain Pedal
2014-12-31,2174.3657378662137,2109.9305928197155,2246.5593853114065,937,HL Mountain Pedal
2015-01-31,2090.873689879779,2007.3136015779587,2186.452814819323,937,HL Mountain Pedal
2014-08-31,18417.212527781667,18410.932462921548,18422.830804344463,938,LL Road Pedal
2014-09-30,1825.769704075508,1802.4274698629968,1848.7010184798362,938,LL Road Pedal
2014-10-31,18609.013541933014,18557.17545493935,18660.965197844733,938,LL Road Pedal
2014-11-30,0.0,0.0,0.0,938,LL Road Pedal
2014-12-31,0.0,0.0,0.0,938,LL Road Pedal
2015-01-31,10903.783942663056,10743.959735954759,11073.78357307344,938,LL Road Pedal
2014-08-31,11664.351374874323,11664.351369834612,11664.351379185757,939,ML Road Pedal
2014-09-30,9557.03074723096,9557.030733814237,9557.030757642853,939,ML Road Pedal
2014-10-31,1732.4625581922137,1732.462530428671,1732.4625775772226,939,ML Road Pedal
2014-11-30,4946.306382433316,4946.306336978464,4946.306416058924,939,ML Road Pedal
2014-12-31,2933.5871463118597,2933.58708050576,2933.5871948089157,939,ML Road Pedal
2015-01-31,4762.791364840585,4762.791279208034,4762.791433741537,939,ML Road Pedal
2014-07-31,0.0,0.0,0.0,940,HL Road Pedal
2014-08-31,6891.643334028055,6888.7073594899275,6894.561419110758,940,HL Road Pedal
2014-09-30,0.0,0.0,0.0,940,HL Road Pedal
2014-10-31,0.0,0.0,0.0,940,HL Road Pedal
2014-11-30,9114.439242564364,9099.2342794059,9129.266024053219,940,HL Road Pedal
2014-12-31,17176.932759602736,17155.601108686595,17196.6421265872,940,HL Road Pedal
2014-07-31,0.0,0.0,0.0,941,Touring Pedal
2014-08-31,0.0,0.0,0.0,941,Touring Pedal
2014-09-30,1354.818894992912,1266.9483047936706,1439.8748642900352,941,Touring Pedal
2014-10-31,3125.863563474487,2987.518898456384,3258.3251689239746,941,Touring Pedal
2014-11-30,7482.770516279234,7282.812607578901,7685.790857347377,941,Touring Pedal
2014-12-31,0.0,0.0,0.0,941,Touring Pedal
2014-08-31,926.1029650959479,587.9984544182851,1252.0746781839537,948,Front Brakes
2014-09-30,3148.0262625711125,2829.82624264619,3483.7348257971407,948,Front Brakes
2014-10-31,3419.9922903192532,3070.570628270991,3741.6507828616177,948,Front Brakes
2014-11-30,3977.1963954327584,3613.001423328309,4314.626761477998,948,Front Brakes
2014-12-31,4452.407848433122,4095.317506098628,4782.802547309674,948,Front Brakes
2015-01-31,1747.3527843145982,1409.5524545603107,2097.0845081689736,948,Front Brakes
2014-07-31,921.3632460622432,901.5219256480639,942.1684056392315,952,Chain
2014-08-31,0.0,0.0,0.0,952,Chain
2014-09-30,0.0,0.0,14.034756252472748,952,Chain
2014-10-31,238.56070173845518,218.46844440165236,258.8540041519147,952,Chain
2014-11-30,546.6082966236027,525.9096852342063,564.3058839312665,952,Chain
2014-12-31,556.029796244651,534.1867998344669,575.2666625748302,952,Chain
